<?xml version="1.0" encoding="UTF-8"?>
<!DOCTYPE suite SYSTEM "https://testng.org/testng-1.0.dtd">
<suite name="Suite">
	<test thread-count="5" name="Test">
		<classes>
			<class name="com.leaftaps.testcases.TC001_CreateLead" />
			<class name="com.leaftaps.testcases.TC002_EditLead" />
			<class name="com.leaftaps.testcases.TC003_DuplicateLead" />
			<class name="com.leaftaps.testcases.TC004_MergeLead" />
			<class name="com.leaftaps.testcases.TC005_DeleteLead" />
		</classes>
	</test> <!--
	Test -->
</suite> <!--
Suite -->
