{
  "fields": [
    {
      "type": "vector",
      "path": "embedding",
      "numDimensions": 1024,
      "similarity": "cosine"
    },
    {
      "type": "filter",
      "path": "id"
    },
    {
      "type": "filter",
      "path": "name"
    },
    {
      "type": "filter",
      "path": "email"
    },
    {
      "type": "filter",
      "path": "phone"
    },
    {
      "type": "filter",
      "path": "currentOrganisation"
    },
    {
      "type": "filter",
      "path": "currentTitle"
    },
    {
      "type": "filter",
      "path": "locations"
    },
    {
      "type": "filter",
      "path": "skills"
    },
    {
      "type": "filter",
      "path": "technologies"
    },
    {
      "type": "filter",
      "path": "yearsOfExperience"
    },
    {
      "type": "filter",
      "path": "totalExperience"
    },
    {
      "type": "filter",
      "path": "educationLevel"
    },
    {
      "type": "filter",
      "path": "certifications"
    },
    {
      "type": "filter",
      "path": "languages"
    },
    {
      "type": "filter",
      "path": "uploadedAt"
    },
    {
      "type": "filter",
      "path": "fullContent"
    }
  ]
}
