{
  "metadata": {
    "projectKey": "SCRUM",
    "totalStories": 100,
    "fetchedAt": "2025-10-09T14:58:45.599Z",
    "jiraBaseUrl": "https://shaneagle21ai3.atlassian.net"
  },
  "userStories": [
    {
      "key": "SCRUM-573",
      "summary": "Masters Others Derive Service",
      "description": "As a user, I want to masters others derive service so that the related functionality works as expected.",
      "status": {
        "name": "Idea",
        "category": "To Do"
      },
      "priority": {
        "name": "None",
        "id": null
      },
      "assignee": null,
      "reporter": {
        "displayName": "Shan Eagle",
        "emailAddress": "shaneagle21ai3@gmail.com",
        "accountId": "712020:e8408021-8086-4589-b7f7-e79d937f235d"
      },
      "created": "2025-10-09T19:45:37.815+0530",
      "updated": "2025-10-09T19:45:37.890+0530",
      "components": [],
      "labels": [],
      "fixVersions": [],
      "storyPoints": 3,
      "issueLinks": [],
      "url": "https://shaneagle21ai3.atlassian.net/browse/SCRUM-573"
    },
    {
      "key": "SCRUM-572",
      "summary": "Billing Execution View Op",
      "description": "As a user, I want to billing execution view op so that the related functionality works as expected.",
      "status": {
        "name": "Idea",
        "category": "To Do"
      },
      "priority": {
        "name": "None",
        "id": null
      },
      "assignee": null,
      "reporter": {
        "displayName": "Shan Eagle",
        "emailAddress": "shaneagle21ai3@gmail.com",
        "accountId": "712020:e8408021-8086-4589-b7f7-e79d937f235d"
      },
      "created": "2025-10-09T19:45:37.337+0530",
      "updated": "2025-10-09T19:45:37.541+0530",
      "components": [],
      "labels": [],
      "fixVersions": [],
      "storyPoints": 3,
      "issueLinks": [],
      "url": "https://shaneagle21ai3.atlassian.net/browse/SCRUM-572"
    },
    {
      "key": "SCRUM-571",
      "summary": "Admission Transfer Hr Daily",
      "description": "As a user, I want to admission transfer hr daily so that the related functionality works as expected.",
      "status": {
        "name": "Idea",
        "category": "To Do"
      },
      "priority": {
        "name": "None",
        "id": null
      },
      "assignee": null,
      "reporter": {
        "displayName": "Shan Eagle",
        "emailAddress": "shaneagle21ai3@gmail.com",
        "accountId": "712020:e8408021-8086-4589-b7f7-e79d937f235d"
      },
      "created": "2025-10-09T19:45:36.974+0530",
      "updated": "2025-10-09T19:45:37.101+0530",
      "components": [],
      "labels": [],
      "fixVersions": [],
      "storyPoints": 3,
      "issueLinks": [],
      "url": "https://shaneagle21ai3.atlassian.net/browse/SCRUM-571"
    },
    {
      "key": "SCRUM-570",
      "summary": "Notes",
      "description": "As a user, I want to notes so that the related functionality works as expected.",
      "status": {
        "name": "Idea",
        "category": "To Do"
      },
      "priority": {
        "name": "None",
        "id": null
      },
      "assignee": null,
      "reporter": {
        "displayName": "Shan Eagle",
        "emailAddress": "shaneagle21ai3@gmail.com",
        "accountId": "712020:e8408021-8086-4589-b7f7-e79d937f235d"
      },
      "created": "2025-10-09T19:45:36.587+0530",
      "updated": "2025-10-09T19:45:36.654+0530",
      "components": [],
      "labels": [],
      "fixVersions": [],
      "storyPoints": 3,
      "issueLinks": [],
      "url": "https://shaneagle21ai3.atlassian.net/browse/SCRUM-570"
    },
    {
      "key": "SCRUM-569",
      "summary": "Drug Monitoring",
      "description": "As a user, I want to drug monitoring so that the related functionality works as expected.",
      "status": {
        "name": "Idea",
        "category": "To Do"
      },
      "priority": {
        "name": "None",
        "id": null
      },
      "assignee": null,
      "reporter": {
        "displayName": "Shan Eagle",
        "emailAddress": "shaneagle21ai3@gmail.com",
        "accountId": "712020:e8408021-8086-4589-b7f7-e79d937f235d"
      },
      "created": "2025-10-09T19:45:36.263+0530",
      "updated": "2025-10-09T19:45:36.325+0530",
      "components": [],
      "labels": [],
      "fixVersions": [],
      "storyPoints": 2,
      "issueLinks": [],
      "url": "https://shaneagle21ai3.atlassian.net/browse/SCRUM-569"
    },
    {
      "key": "SCRUM-568",
      "summary": "Reports Admin Reports Debtors",
      "description": "As a user, I want to reports admin reports debtors so that the related functionality works as expected.",
      "status": {
        "name": "Idea",
        "category": "To Do"
      },
      "priority": {
        "name": "None",
        "id": null
      },
      "assignee": null,
      "reporter": {
        "displayName": "Shan Eagle",
        "emailAddress": "shaneagle21ai3@gmail.com",
        "accountId": "712020:e8408021-8086-4589-b7f7-e79d937f235d"
      },
      "created": "2025-10-09T19:45:35.930+0530",
      "updated": "2025-10-09T19:45:35.992+0530",
      "components": [],
      "labels": [],
      "fixVersions": [],
      "storyPoints": 3,
      "issueLinks": [],
      "url": "https://shaneagle21ai3.atlassian.net/browse/SCRUM-568"
    },
    {
      "key": "SCRUM-567",
      "summary": "Masters Others Location Setup",
      "description": "As a user, I want to masters others location setup so that the related functionality works as expected.",
      "status": {
        "name": "Idea",
        "category": "To Do"
      },
      "priority": {
        "name": "None",
        "id": null
      },
      "assignee": null,
      "reporter": {
        "displayName": "Shan Eagle",
        "emailAddress": "shaneagle21ai3@gmail.com",
        "accountId": "712020:e8408021-8086-4589-b7f7-e79d937f235d"
      },
      "created": "2025-10-09T19:45:35.608+0530",
      "updated": "2025-10-09T19:45:35.673+0530",
      "components": [],
      "labels": [],
      "fixVersions": [],
      "storyPoints": 3,
      "issueLinks": [],
      "url": "https://shaneagle21ai3.atlassian.net/browse/SCRUM-567"
    },
    {
      "key": "SCRUM-566",
      "summary": "Billing Execution View Ip",
      "description": "As a user, I want to billing execution view ip so that the related functionality works as expected.",
      "status": {
        "name": "Idea",
        "category": "To Do"
      },
      "priority": {
        "name": "None",
        "id": null
      },
      "assignee": null,
      "reporter": {
        "displayName": "Shan Eagle",
        "emailAddress": "shaneagle21ai3@gmail.com",
        "accountId": "712020:e8408021-8086-4589-b7f7-e79d937f235d"
      },
      "created": "2025-10-09T19:45:35.298+0530",
      "updated": "2025-10-09T19:45:35.365+0530",
      "components": [],
      "labels": [],
      "fixVersions": [],
      "storyPoints": 3,
      "issueLinks": [],
      "url": "https://shaneagle21ai3.atlassian.net/browse/SCRUM-566"
    },
    {
      "key": "SCRUM-565",
      "summary": "Billing Execution Bill View",
      "description": "As a user, I want to billing execution bill view so that the related functionality works as expected.",
      "status": {
        "name": "Idea",
        "category": "To Do"
      },
      "priority": {
        "name": "None",
        "id": null
      },
      "assignee": null,
      "reporter": {
        "displayName": "Shan Eagle",
        "emailAddress": "shaneagle21ai3@gmail.com",
        "accountId": "712020:e8408021-8086-4589-b7f7-e79d937f235d"
      },
      "created": "2025-10-09T19:45:34.971+0530",
      "updated": "2025-10-09T19:45:35.041+0530",
      "components": [],
      "labels": [],
      "fixVersions": [],
      "storyPoints": 3,
      "issueLinks": [],
      "url": "https://shaneagle21ai3.atlassian.net/browse/SCRUM-565"
    },
    {
      "key": "SCRUM-564",
      "summary": "Mapping Masters Speciality Master",
      "description": "As a user, I want to mapping masters speciality master so that the related functionality works as expected.",
      "status": {
        "name": "Idea",
        "category": "To Do"
      },
      "priority": {
        "name": "None",
        "id": null
      },
      "assignee": null,
      "reporter": {
        "displayName": "Shan Eagle",
        "emailAddress": "shaneagle21ai3@gmail.com",
        "accountId": "712020:e8408021-8086-4589-b7f7-e79d937f235d"
      },
      "created": "2025-10-09T19:45:34.635+0530",
      "updated": "2025-10-09T19:45:34.707+0530",
      "components": [],
      "labels": [],
      "fixVersions": [],
      "storyPoints": 2,
      "issueLinks": [],
      "url": "https://shaneagle21ai3.atlassian.net/browse/SCRUM-564"
    },
    {
      "key": "SCRUM-563",
      "summary": "Mapping Masters Room Master",
      "description": "As a user, I want to mapping masters room master so that the related functionality works as expected.",
      "status": {
        "name": "Idea",
        "category": "To Do"
      },
      "priority": {
        "name": "None",
        "id": null
      },
      "assignee": null,
      "reporter": {
        "displayName": "Shan Eagle",
        "emailAddress": "shaneagle21ai3@gmail.com",
        "accountId": "712020:e8408021-8086-4589-b7f7-e79d937f235d"
      },
      "created": "2025-10-09T19:45:34.310+0530",
      "updated": "2025-10-09T19:45:34.386+0530",
      "components": [],
      "labels": [],
      "fixVersions": [],
      "storyPoints": 2,
      "issueLinks": [],
      "url": "https://shaneagle21ai3.atlassian.net/browse/SCRUM-563"
    },
    {
      "key": "SCRUM-562",
      "summary": "Mapping Masters Parent Location",
      "description": "As a user, I want to mapping masters parent location so that the related functionality works as expected.",
      "status": {
        "name": "Idea",
        "category": "To Do"
      },
      "priority": {
        "name": "None",
        "id": null
      },
      "assignee": null,
      "reporter": {
        "displayName": "Shan Eagle",
        "emailAddress": "shaneagle21ai3@gmail.com",
        "accountId": "712020:e8408021-8086-4589-b7f7-e79d937f235d"
      },
      "created": "2025-10-09T19:45:33.902+0530",
      "updated": "2025-10-09T19:45:34.038+0530",
      "components": [],
      "labels": [],
      "fixVersions": [],
      "storyPoints": 2,
      "issueLinks": [],
      "url": "https://shaneagle21ai3.atlassian.net/browse/SCRUM-562"
    },
    {
      "key": "SCRUM-561",
      "summary": "Mapping Masters Location Master",
      "description": "As a user, I want to mapping masters location master so that the related functionality works as expected.",
      "status": {
        "name": "Idea",
        "category": "To Do"
      },
      "priority": {
        "name": "None",
        "id": null
      },
      "assignee": null,
      "reporter": {
        "displayName": "Shan Eagle",
        "emailAddress": "shaneagle21ai3@gmail.com",
        "accountId": "712020:e8408021-8086-4589-b7f7-e79d937f235d"
      },
      "created": "2025-10-09T19:45:33.527+0530",
      "updated": "2025-10-09T19:45:33.592+0530",
      "components": [],
      "labels": [],
      "fixVersions": [],
      "storyPoints": 2,
      "issueLinks": [],
      "url": "https://shaneagle21ai3.atlassian.net/browse/SCRUM-561"
    },
    {
      "key": "SCRUM-560",
      "summary": "Mapping Masters Department Master",
      "description": "As a user, I want to mapping masters department master so that the related functionality works as expected.",
      "status": {
        "name": "Idea",
        "category": "To Do"
      },
      "priority": {
        "name": "None",
        "id": null
      },
      "assignee": null,
      "reporter": {
        "displayName": "Shan Eagle",
        "emailAddress": "shaneagle21ai3@gmail.com",
        "accountId": "712020:e8408021-8086-4589-b7f7-e79d937f235d"
      },
      "created": "2025-10-09T19:45:33.198+0530",
      "updated": "2025-10-09T19:45:33.270+0530",
      "components": [],
      "labels": [],
      "fixVersions": [],
      "storyPoints": 2,
      "issueLinks": [],
      "url": "https://shaneagle21ai3.atlassian.net/browse/SCRUM-560"
    },
    {
      "key": "SCRUM-559",
      "summary": "General Masters Vaccination Master",
      "description": "As a user, I want to general masters vaccination master so that the related functionality works as expected.",
      "status": {
        "name": "Idea",
        "category": "To Do"
      },
      "priority": {
        "name": "None",
        "id": null
      },
      "assignee": null,
      "reporter": {
        "displayName": "Shan Eagle",
        "emailAddress": "shaneagle21ai3@gmail.com",
        "accountId": "712020:e8408021-8086-4589-b7f7-e79d937f235d"
      },
      "created": "2025-10-09T19:45:32.926+0530",
      "updated": "2025-10-09T19:45:32.993+0530",
      "components": [],
      "labels": [],
      "fixVersions": [],
      "storyPoints": 2,
      "issueLinks": [],
      "url": "https://shaneagle21ai3.atlassian.net/browse/SCRUM-559"
    },
    {
      "key": "SCRUM-558",
      "summary": "General Masters University Master",
      "description": "As a user, I want to general masters university master so that the related functionality works as expected.",
      "status": {
        "name": "Idea",
        "category": "To Do"
      },
      "priority": {
        "name": "None",
        "id": null
      },
      "assignee": null,
      "reporter": {
        "displayName": "Shan Eagle",
        "emailAddress": "shaneagle21ai3@gmail.com",
        "accountId": "712020:e8408021-8086-4589-b7f7-e79d937f235d"
      },
      "created": "2025-10-09T19:45:32.598+0530",
      "updated": "2025-10-09T19:45:32.662+0530",
      "components": [],
      "labels": [],
      "fixVersions": [],
      "storyPoints": 2,
      "issueLinks": [],
      "url": "https://shaneagle21ai3.atlassian.net/browse/SCRUM-558"
    },
    {
      "key": "SCRUM-557",
      "summary": "General Masters Tax Master",
      "description": "As a user, I want to general masters tax master so that the related functionality works as expected.",
      "status": {
        "name": "Idea",
        "category": "To Do"
      },
      "priority": {
        "name": "None",
        "id": null
      },
      "assignee": null,
      "reporter": {
        "displayName": "Shan Eagle",
        "emailAddress": "shaneagle21ai3@gmail.com",
        "accountId": "712020:e8408021-8086-4589-b7f7-e79d937f235d"
      },
      "created": "2025-10-09T19:45:32.303+0530",
      "updated": "2025-10-09T19:45:32.365+0530",
      "components": [],
      "labels": [],
      "fixVersions": [],
      "storyPoints": 2,
      "issueLinks": [],
      "url": "https://shaneagle21ai3.atlassian.net/browse/SCRUM-557"
    },
    {
      "key": "SCRUM-556",
      "summary": "General Masters Qualification Master",
      "description": "As a user, I want to general masters qualification master so that the related functionality works as expected.",
      "status": {
        "name": "Idea",
        "category": "To Do"
      },
      "priority": {
        "name": "None",
        "id": null
      },
      "assignee": null,
      "reporter": {
        "displayName": "Shan Eagle",
        "emailAddress": "shaneagle21ai3@gmail.com",
        "accountId": "712020:e8408021-8086-4589-b7f7-e79d937f235d"
      },
      "created": "2025-10-09T19:45:31.980+0530",
      "updated": "2025-10-09T19:45:32.041+0530",
      "components": [],
      "labels": [],
      "fixVersions": [],
      "storyPoints": 2,
      "issueLinks": [],
      "url": "https://shaneagle21ai3.atlassian.net/browse/SCRUM-556"
    },
    {
      "key": "SCRUM-555",
      "summary": "General Masters Occupation Master",
      "description": "As a user, I want to general masters occupation master so that the related functionality works as expected.",
      "status": {
        "name": "Idea",
        "category": "To Do"
      },
      "priority": {
        "name": "None",
        "id": null
      },
      "assignee": null,
      "reporter": {
        "displayName": "Shan Eagle",
        "emailAddress": "shaneagle21ai3@gmail.com",
        "accountId": "712020:e8408021-8086-4589-b7f7-e79d937f235d"
      },
      "created": "2025-10-09T19:45:31.639+0530",
      "updated": "2025-10-09T19:45:31.713+0530",
      "components": [],
      "labels": [],
      "fixVersions": [],
      "storyPoints": 2,
      "issueLinks": [],
      "url": "https://shaneagle21ai3.atlassian.net/browse/SCRUM-555"
    },
    {
      "key": "SCRUM-554",
      "summary": "General Masters Insurancetype Master",
      "description": "As a user, I want to general masters insurancetype master so that the related functionality works as expected.",
      "status": {
        "name": "Idea",
        "category": "To Do"
      },
      "priority": {
        "name": "None",
        "id": null
      },
      "assignee": null,
      "reporter": {
        "displayName": "Shan Eagle",
        "emailAddress": "shaneagle21ai3@gmail.com",
        "accountId": "712020:e8408021-8086-4589-b7f7-e79d937f235d"
      },
      "created": "2025-10-09T19:45:31.305+0530",
      "updated": "2025-10-09T19:45:31.371+0530",
      "components": [],
      "labels": [],
      "fixVersions": [],
      "storyPoints": 3,
      "issueLinks": [],
      "url": "https://shaneagle21ai3.atlassian.net/browse/SCRUM-554"
    },
    {
      "key": "SCRUM-553",
      "summary": "General Masters Certification Master",
      "description": "As a user, I want to general masters certification master so that the related functionality works as expected.",
      "status": {
        "name": "Idea",
        "category": "To Do"
      },
      "priority": {
        "name": "None",
        "id": null
      },
      "assignee": null,
      "reporter": {
        "displayName": "Shan Eagle",
        "emailAddress": "shaneagle21ai3@gmail.com",
        "accountId": "712020:e8408021-8086-4589-b7f7-e79d937f235d"
      },
      "created": "2025-10-09T19:45:30.778+0530",
      "updated": "2025-10-09T19:45:30.935+0530",
      "components": [],
      "labels": [],
      "fixVersions": [],
      "storyPoints": 3,
      "issueLinks": [],
      "url": "https://shaneagle21ai3.atlassian.net/browse/SCRUM-553"
    },
    {
      "key": "SCRUM-552",
      "summary": "Employee Profile Employee Medical",
      "description": "As a user, I want to employee profile employee medical so that the related functionality works as expected.",
      "status": {
        "name": "Idea",
        "category": "To Do"
      },
      "priority": {
        "name": "None",
        "id": null
      },
      "assignee": null,
      "reporter": {
        "displayName": "Shan Eagle",
        "emailAddress": "shaneagle21ai3@gmail.com",
        "accountId": "712020:e8408021-8086-4589-b7f7-e79d937f235d"
      },
      "created": "2025-10-09T19:45:30.422+0530",
      "updated": "2025-10-09T19:45:30.491+0530",
      "components": [],
      "labels": [],
      "fixVersions": [],
      "storyPoints": 3,
      "issueLinks": [],
      "url": "https://shaneagle21ai3.atlassian.net/browse/SCRUM-552"
    },
    {
      "key": "SCRUM-551",
      "summary": "Duty Roster Counter Master",
      "description": "As a user, I want to duty roster counter master so that the related functionality works as expected.",
      "status": {
        "name": "Idea",
        "category": "To Do"
      },
      "priority": {
        "name": "None",
        "id": null
      },
      "assignee": null,
      "reporter": {
        "displayName": "Shan Eagle",
        "emailAddress": "shaneagle21ai3@gmail.com",
        "accountId": "712020:e8408021-8086-4589-b7f7-e79d937f235d"
      },
      "created": "2025-10-09T19:45:30.052+0530",
      "updated": "2025-10-09T19:45:30.130+0530",
      "components": [],
      "labels": [],
      "fixVersions": [],
      "storyPoints": 3,
      "issueLinks": [],
      "url": "https://shaneagle21ai3.atlassian.net/browse/SCRUM-551"
    },
    {
      "key": "SCRUM-550",
      "summary": "View Request Status Rehabilitation",
      "description": "As a user, I want to view request status rehabilitation so that the related functionality works as expected.",
      "status": {
        "name": "Idea",
        "category": "To Do"
      },
      "priority": {
        "name": "None",
        "id": null
      },
      "assignee": null,
      "reporter": {
        "displayName": "Shan Eagle",
        "emailAddress": "shaneagle21ai3@gmail.com",
        "accountId": "712020:e8408021-8086-4589-b7f7-e79d937f235d"
      },
      "created": "2025-10-09T19:45:29.732+0530",
      "updated": "2025-10-09T19:45:29.799+0530",
      "components": [],
      "labels": [],
      "fixVersions": [],
      "storyPoints": 3,
      "issueLinks": [],
      "url": "https://shaneagle21ai3.atlassian.net/browse/SCRUM-550"
    },
    {
      "key": "SCRUM-549",
      "summary": "View Request Status Pharmacy",
      "description": "As a user, I want to view request status pharmacy so that the related functionality works as expected.",
      "status": {
        "name": "Idea",
        "category": "To Do"
      },
      "priority": {
        "name": "None",
        "id": null
      },
      "assignee": null,
      "reporter": {
        "displayName": "Shan Eagle",
        "emailAddress": "shaneagle21ai3@gmail.com",
        "accountId": "712020:e8408021-8086-4589-b7f7-e79d937f235d"
      },
      "created": "2025-10-09T19:45:29.348+0530",
      "updated": "2025-10-09T19:45:29.481+0530",
      "components": [],
      "labels": [],
      "fixVersions": [],
      "storyPoints": 3,
      "issueLinks": [],
      "url": "https://shaneagle21ai3.atlassian.net/browse/SCRUM-549"
    },
    {
      "key": "SCRUM-548",
      "summary": "View Request Status Equipment",
      "description": "As a user, I want to view request status equipment so that the related functionality works as expected.",
      "status": {
        "name": "Idea",
        "category": "To Do"
      },
      "priority": {
        "name": "None",
        "id": null
      },
      "assignee": null,
      "reporter": {
        "displayName": "Shan Eagle",
        "emailAddress": "shaneagle21ai3@gmail.com",
        "accountId": "712020:e8408021-8086-4589-b7f7-e79d937f235d"
      },
      "created": "2025-10-09T19:45:28.975+0530",
      "updated": "2025-10-09T19:45:29.069+0530",
      "components": [],
      "labels": [],
      "fixVersions": [],
      "storyPoints": 3,
      "issueLinks": [],
      "url": "https://shaneagle21ai3.atlassian.net/browse/SCRUM-548"
    },
    {
      "key": "SCRUM-547",
      "summary": "View Request Status Cssd",
      "description": "As a user, I want to view request status cssd so that the related functionality works as expected.",
      "status": {
        "name": "Idea",
        "category": "To Do"
      },
      "priority": {
        "name": "None",
        "id": null
      },
      "assignee": null,
      "reporter": {
        "displayName": "Shan Eagle",
        "emailAddress": "shaneagle21ai3@gmail.com",
        "accountId": "712020:e8408021-8086-4589-b7f7-e79d937f235d"
      },
      "created": "2025-10-09T19:45:28.532+0530",
      "updated": "2025-10-09T19:45:28.637+0530",
      "components": [],
      "labels": [],
      "fixVersions": [],
      "storyPoints": 3,
      "issueLinks": [],
      "url": "https://shaneagle21ai3.atlassian.net/browse/SCRUM-547"
    },
    {
      "key": "SCRUM-546",
      "summary": "Grid Parameter Grid View",
      "description": "As a user, I want to grid parameter grid view so that the related functionality works as expected.",
      "status": {
        "name": "Idea",
        "category": "To Do"
      },
      "priority": {
        "name": "None",
        "id": null
      },
      "assignee": null,
      "reporter": {
        "displayName": "Shan Eagle",
        "emailAddress": "shaneagle21ai3@gmail.com",
        "accountId": "712020:e8408021-8086-4589-b7f7-e79d937f235d"
      },
      "created": "2025-10-09T19:45:28.238+0530",
      "updated": "2025-10-09T19:45:28.299+0530",
      "components": [],
      "labels": [],
      "fixVersions": [],
      "storyPoints": 3,
      "issueLinks": [],
      "url": "https://shaneagle21ai3.atlassian.net/browse/SCRUM-546"
    },
    {
      "key": "SCRUM-545",
      "summary": "Approval Approvals Approved Status",
      "description": "As a user, I want to approval approvals approved status so that the related functionality works as expected.",
      "status": {
        "name": "Idea",
        "category": "To Do"
      },
      "priority": {
        "name": "None",
        "id": null
      },
      "assignee": null,
      "reporter": {
        "displayName": "Shan Eagle",
        "emailAddress": "shaneagle21ai3@gmail.com",
        "accountId": "712020:e8408021-8086-4589-b7f7-e79d937f235d"
      },
      "created": "2025-10-09T19:45:27.890+0530",
      "updated": "2025-10-09T19:45:27.959+0530",
      "components": [],
      "labels": [],
      "fixVersions": [],
      "storyPoints": 3,
      "issueLinks": [],
      "url": "https://shaneagle21ai3.atlassian.net/browse/SCRUM-545"
    },
    {
      "key": "SCRUM-544",
      "summary": "Daycare Nurse Activities Transfer",
      "description": "As a user, I want to daycare nurse activities transfer so that the related functionality works as expected.",
      "status": {
        "name": "Idea",
        "category": "To Do"
      },
      "priority": {
        "name": "None",
        "id": null
      },
      "assignee": null,
      "reporter": {
        "displayName": "Shan Eagle",
        "emailAddress": "shaneagle21ai3@gmail.com",
        "accountId": "712020:e8408021-8086-4589-b7f7-e79d937f235d"
      },
      "created": "2025-10-09T19:45:27.552+0530",
      "updated": "2025-10-09T19:45:27.664+0530",
      "components": [],
      "labels": [],
      "fixVersions": [],
      "storyPoints": 3,
      "issueLinks": [],
      "url": "https://shaneagle21ai3.atlassian.net/browse/SCRUM-544"
    },
    {
      "key": "SCRUM-543",
      "summary": "Daycare Dashboard Todo Patient",
      "description": "As a user, I want to daycare dashboard todo patient so that the related functionality works as expected.",
      "status": {
        "name": "Idea",
        "category": "To Do"
      },
      "priority": {
        "name": "None",
        "id": null
      },
      "assignee": null,
      "reporter": {
        "displayName": "Shan Eagle",
        "emailAddress": "shaneagle21ai3@gmail.com",
        "accountId": "712020:e8408021-8086-4589-b7f7-e79d937f235d"
      },
      "created": "2025-10-09T19:45:27.236+0530",
      "updated": "2025-10-09T19:45:27.300+0530",
      "components": [],
      "labels": [],
      "fixVersions": [],
      "storyPoints": 3,
      "issueLinks": [],
      "url": "https://shaneagle21ai3.atlassian.net/browse/SCRUM-543"
    },
    {
      "key": "SCRUM-542",
      "summary": "Daycare Dashboard Rejected Prescription",
      "description": "As a user, I want to daycare dashboard rejected prescription so that the related functionality works as expected.",
      "status": {
        "name": "Idea",
        "category": "To Do"
      },
      "priority": {
        "name": "None",
        "id": null
      },
      "assignee": null,
      "reporter": {
        "displayName": "Shan Eagle",
        "emailAddress": "shaneagle21ai3@gmail.com",
        "accountId": "712020:e8408021-8086-4589-b7f7-e79d937f235d"
      },
      "created": "2025-10-09T19:45:26.910+0530",
      "updated": "2025-10-09T19:45:27.010+0530",
      "components": [],
      "labels": [],
      "fixVersions": [],
      "storyPoints": 3,
      "issueLinks": [],
      "url": "https://shaneagle21ai3.atlassian.net/browse/SCRUM-542"
    },
    {
      "key": "SCRUM-541",
      "summary": "Daycare Dashboard Generate Label",
      "description": "As a user, I want to daycare dashboard generate label so that the related functionality works as expected.",
      "status": {
        "name": "Idea",
        "category": "To Do"
      },
      "priority": {
        "name": "None",
        "id": null
      },
      "assignee": null,
      "reporter": {
        "displayName": "Shan Eagle",
        "emailAddress": "shaneagle21ai3@gmail.com",
        "accountId": "712020:e8408021-8086-4589-b7f7-e79d937f235d"
      },
      "created": "2025-10-09T19:45:26.594+0530",
      "updated": "2025-10-09T19:45:26.662+0530",
      "components": [],
      "labels": [],
      "fixVersions": [],
      "storyPoints": 3,
      "issueLinks": [],
      "url": "https://shaneagle21ai3.atlassian.net/browse/SCRUM-541"
    },
    {
      "key": "SCRUM-540",
      "summary": "Consultant Dashboard Progress Note",
      "description": "As a user, I want to consultant dashboard progress note so that the related functionality works as expected.",
      "status": {
        "name": "Idea",
        "category": "To Do"
      },
      "priority": {
        "name": "None",
        "id": null
      },
      "assignee": null,
      "reporter": {
        "displayName": "Shan Eagle",
        "emailAddress": "shaneagle21ai3@gmail.com",
        "accountId": "712020:e8408021-8086-4589-b7f7-e79d937f235d"
      },
      "created": "2025-10-09T19:45:26.267+0530",
      "updated": "2025-10-09T19:45:26.336+0530",
      "components": [],
      "labels": [],
      "fixVersions": [],
      "storyPoints": 3,
      "issueLinks": [],
      "url": "https://shaneagle21ai3.atlassian.net/browse/SCRUM-540"
    },
    {
      "key": "SCRUM-539",
      "summary": "Consultant Dashboard Misc Package",
      "description": "As a user, I want to consultant dashboard misc package so that the related functionality works as expected.",
      "status": {
        "name": "Idea",
        "category": "To Do"
      },
      "priority": {
        "name": "None",
        "id": null
      },
      "assignee": null,
      "reporter": {
        "displayName": "Shan Eagle",
        "emailAddress": "shaneagle21ai3@gmail.com",
        "accountId": "712020:e8408021-8086-4589-b7f7-e79d937f235d"
      },
      "created": "2025-10-09T19:45:25.870+0530",
      "updated": "2025-10-09T19:45:25.974+0530",
      "components": [],
      "labels": [],
      "fixVersions": [],
      "storyPoints": 3,
      "issueLinks": [],
      "url": "https://shaneagle21ai3.atlassian.net/browse/SCRUM-539"
    },
    {
      "key": "SCRUM-538",
      "summary": "Consult Able To View",
      "description": "As a user, I want to consult able to view so that the related functionality works as expected.",
      "status": {
        "name": "Idea",
        "category": "To Do"
      },
      "priority": {
        "name": "None",
        "id": null
      },
      "assignee": null,
      "reporter": {
        "displayName": "Shan Eagle",
        "emailAddress": "shaneagle21ai3@gmail.com",
        "accountId": "712020:e8408021-8086-4589-b7f7-e79d937f235d"
      },
      "created": "2025-10-09T19:45:25.598+0530",
      "updated": "2025-10-09T19:45:25.662+0530",
      "components": [],
      "labels": [],
      "fixVersions": [],
      "storyPoints": 3,
      "issueLinks": [],
      "url": "https://shaneagle21ai3.atlassian.net/browse/SCRUM-538"
    },
    {
      "key": "SCRUM-537",
      "summary": "Subcenters Transfer Blood Bags",
      "description": "As a user, I want to subcenters transfer blood bags so that the related functionality works as expected.",
      "status": {
        "name": "Idea",
        "category": "To Do"
      },
      "priority": {
        "name": "None",
        "id": null
      },
      "assignee": null,
      "reporter": {
        "displayName": "Shan Eagle",
        "emailAddress": "shaneagle21ai3@gmail.com",
        "accountId": "712020:e8408021-8086-4589-b7f7-e79d937f235d"
      },
      "created": "2025-10-09T19:45:25.291+0530",
      "updated": "2025-10-09T19:45:25.359+0530",
      "components": [],
      "labels": [],
      "fixVersions": [],
      "storyPoints": 3,
      "issueLinks": [],
      "url": "https://shaneagle21ai3.atlassian.net/browse/SCRUM-537"
    },
    {
      "key": "SCRUM-536",
      "summary": "Subcenters Receive Blood Bags",
      "description": "As a user, I want to subcenters receive blood bags so that the related functionality works as expected.",
      "status": {
        "name": "Idea",
        "category": "To Do"
      },
      "priority": {
        "name": "None",
        "id": null
      },
      "assignee": null,
      "reporter": {
        "displayName": "Shan Eagle",
        "emailAddress": "shaneagle21ai3@gmail.com",
        "accountId": "712020:e8408021-8086-4589-b7f7-e79d937f235d"
      },
      "created": "2025-10-09T19:45:24.954+0530",
      "updated": "2025-10-09T19:45:25.039+0530",
      "components": [],
      "labels": [],
      "fixVersions": [],
      "storyPoints": 3,
      "issueLinks": [],
      "url": "https://shaneagle21ai3.atlassian.net/browse/SCRUM-536"
    },
    {
      "key": "SCRUM-535",
      "summary": "Others Op Request Screen",
      "description": "As a user, I want to others op request screen so that the related functionality works as expected.",
      "status": {
        "name": "Idea",
        "category": "To Do"
      },
      "priority": {
        "name": "None",
        "id": null
      },
      "assignee": null,
      "reporter": {
        "displayName": "Shan Eagle",
        "emailAddress": "shaneagle21ai3@gmail.com",
        "accountId": "712020:e8408021-8086-4589-b7f7-e79d937f235d"
      },
      "created": "2025-10-09T19:45:24.631+0530",
      "updated": "2025-10-09T19:45:24.695+0530",
      "components": [],
      "labels": [],
      "fixVersions": [],
      "storyPoints": 3,
      "issueLinks": [],
      "url": "https://shaneagle21ai3.atlassian.net/browse/SCRUM-535"
    },
    {
      "key": "SCRUM-534",
      "summary": "Master Unit Master Unit",
      "description": "As a user, I want to master unit master unit so that the related functionality works as expected.",
      "status": {
        "name": "Idea",
        "category": "To Do"
      },
      "priority": {
        "name": "None",
        "id": null
      },
      "assignee": null,
      "reporter": {
        "displayName": "Shan Eagle",
        "emailAddress": "shaneagle21ai3@gmail.com",
        "accountId": "712020:e8408021-8086-4589-b7f7-e79d937f235d"
      },
      "created": "2025-10-09T19:45:24.254+0530",
      "updated": "2025-10-09T19:45:24.366+0530",
      "components": [],
      "labels": [],
      "fixVersions": [],
      "storyPoints": 3,
      "issueLinks": [],
      "url": "https://shaneagle21ai3.atlassian.net/browse/SCRUM-534"
    },
    {
      "key": "SCRUM-533",
      "summary": "Master Therapeutic Parameter Master",
      "description": "As a user, I want to master therapeutic parameter master so that the related functionality works as expected.",
      "status": {
        "name": "Idea",
        "category": "To Do"
      },
      "priority": {
        "name": "None",
        "id": null
      },
      "assignee": null,
      "reporter": {
        "displayName": "Shan Eagle",
        "emailAddress": "shaneagle21ai3@gmail.com",
        "accountId": "712020:e8408021-8086-4589-b7f7-e79d937f235d"
      },
      "created": "2025-10-09T19:45:23.921+0530",
      "updated": "2025-10-09T19:45:23.988+0530",
      "components": [],
      "labels": [],
      "fixVersions": [],
      "storyPoints": 3,
      "issueLinks": [],
      "url": "https://shaneagle21ai3.atlassian.net/browse/SCRUM-533"
    },
    {
      "key": "SCRUM-532",
      "summary": "Master Service Parameter Master",
      "description": "As a user, I want to master service parameter master so that the related functionality works as expected.",
      "status": {
        "name": "Idea",
        "category": "To Do"
      },
      "priority": {
        "name": "None",
        "id": null
      },
      "assignee": null,
      "reporter": {
        "displayName": "Shan Eagle",
        "emailAddress": "shaneagle21ai3@gmail.com",
        "accountId": "712020:e8408021-8086-4589-b7f7-e79d937f235d"
      },
      "created": "2025-10-09T19:45:23.581+0530",
      "updated": "2025-10-09T19:45:23.655+0530",
      "components": [],
      "labels": [],
      "fixVersions": [],
      "storyPoints": 3,
      "issueLinks": [],
      "url": "https://shaneagle21ai3.atlassian.net/browse/SCRUM-532"
    },
    {
      "key": "SCRUM-531",
      "summary": "Others Status Of Ahc",
      "description": "As a user, I want to others status of ahc so that the related functionality works as expected.",
      "status": {
        "name": "Idea",
        "category": "To Do"
      },
      "priority": {
        "name": "None",
        "id": null
      },
      "assignee": null,
      "reporter": {
        "displayName": "Shan Eagle",
        "emailAddress": "shaneagle21ai3@gmail.com",
        "accountId": "712020:e8408021-8086-4589-b7f7-e79d937f235d"
      },
      "created": "2025-10-09T19:45:23.226+0530",
      "updated": "2025-10-09T19:45:23.333+0530",
      "components": [],
      "labels": [],
      "fixVersions": [],
      "storyPoints": 2,
      "issueLinks": [],
      "url": "https://shaneagle21ai3.atlassian.net/browse/SCRUM-531"
    },
    {
      "key": "SCRUM-530",
      "summary": "Masters Systems Symptom Attribute",
      "description": "As a user, I want to masters systems symptom attribute so that the related functionality works as expected.",
      "status": {
        "name": "Idea",
        "category": "To Do"
      },
      "priority": {
        "name": "None",
        "id": null
      },
      "assignee": null,
      "reporter": {
        "displayName": "Shan Eagle",
        "emailAddress": "shaneagle21ai3@gmail.com",
        "accountId": "712020:e8408021-8086-4589-b7f7-e79d937f235d"
      },
      "created": "2025-10-09T19:45:22.868+0530",
      "updated": "2025-10-09T19:45:22.935+0530",
      "components": [],
      "labels": [],
      "fixVersions": [],
      "storyPoints": 2,
      "issueLinks": [],
      "url": "https://shaneagle21ai3.atlassian.net/browse/SCRUM-530"
    },
    {
      "key": "SCRUM-529",
      "summary": "Masters Physical System Physical",
      "description": "As a user, I want to masters physical system physical so that the related functionality works as expected.",
      "status": {
        "name": "Idea",
        "category": "To Do"
      },
      "priority": {
        "name": "None",
        "id": null
      },
      "assignee": null,
      "reporter": {
        "displayName": "Shan Eagle",
        "emailAddress": "shaneagle21ai3@gmail.com",
        "accountId": "712020:e8408021-8086-4589-b7f7-e79d937f235d"
      },
      "created": "2025-10-09T19:45:22.534+0530",
      "updated": "2025-10-09T19:45:22.604+0530",
      "components": [],
      "labels": [],
      "fixVersions": [],
      "storyPoints": 2,
      "issueLinks": [],
      "url": "https://shaneagle21ai3.atlassian.net/browse/SCRUM-529"
    },
    {
      "key": "SCRUM-528",
      "summary": "Masters Physical System Parameter",
      "description": "As a user, I want to masters physical system parameter so that the related functionality works as expected.",
      "status": {
        "name": "Idea",
        "category": "To Do"
      },
      "priority": {
        "name": "None",
        "id": null
      },
      "assignee": null,
      "reporter": {
        "displayName": "Shan Eagle",
        "emailAddress": "shaneagle21ai3@gmail.com",
        "accountId": "712020:e8408021-8086-4589-b7f7-e79d937f235d"
      },
      "created": "2025-10-09T19:45:22.190+0530",
      "updated": "2025-10-09T19:45:22.260+0530",
      "components": [],
      "labels": [],
      "fixVersions": [],
      "storyPoints": 2,
      "issueLinks": [],
      "url": "https://shaneagle21ai3.atlassian.net/browse/SCRUM-528"
    },
    {
      "key": "SCRUM-527",
      "summary": "Masters History System Htsystemsymptom",
      "description": "As a user, I want to masters history system htsystemsymptom so that the related functionality works as expected.",
      "status": {
        "name": "Idea",
        "category": "To Do"
      },
      "priority": {
        "name": "None",
        "id": null
      },
      "assignee": null,
      "reporter": {
        "displayName": "Shan Eagle",
        "emailAddress": "shaneagle21ai3@gmail.com",
        "accountId": "712020:e8408021-8086-4589-b7f7-e79d937f235d"
      },
      "created": "2025-10-09T19:45:21.870+0530",
      "updated": "2025-10-09T19:45:21.936+0530",
      "components": [],
      "labels": [],
      "fixVersions": [],
      "storyPoints": 2,
      "issueLinks": [],
      "url": "https://shaneagle21ai3.atlassian.net/browse/SCRUM-527"
    },
    {
      "key": "SCRUM-526",
      "summary": "Role Resource Item Sr",
      "description": "As a user, I want to role resource item sr so that the related functionality works as expected.",
      "status": {
        "name": "Idea",
        "category": "To Do"
      },
      "priority": {
        "name": "None",
        "id": null
      },
      "assignee": null,
      "reporter": {
        "displayName": "Shan Eagle",
        "emailAddress": "shaneagle21ai3@gmail.com",
        "accountId": "712020:e8408021-8086-4589-b7f7-e79d937f235d"
      },
      "created": "2025-10-09T19:45:21.524+0530",
      "updated": "2025-10-09T19:45:21.588+0530",
      "components": [],
      "labels": [],
      "fixVersions": [],
      "storyPoints": 3,
      "issueLinks": [],
      "url": "https://shaneagle21ai3.atlassian.net/browse/SCRUM-526"
    },
    {
      "key": "SCRUM-525",
      "summary": "Role Resource Item Ip",
      "description": "As a user, I want to role resource item ip so that the related functionality works as expected.",
      "status": {
        "name": "Idea",
        "category": "To Do"
      },
      "priority": {
        "name": "None",
        "id": null
      },
      "assignee": null,
      "reporter": {
        "displayName": "Shan Eagle",
        "emailAddress": "shaneagle21ai3@gmail.com",
        "accountId": "712020:e8408021-8086-4589-b7f7-e79d937f235d"
      },
      "created": "2025-10-09T19:45:21.193+0530",
      "updated": "2025-10-09T19:45:21.254+0530",
      "components": [],
      "labels": [],
      "fixVersions": [],
      "storyPoints": 3,
      "issueLinks": [],
      "url": "https://shaneagle21ai3.atlassian.net/browse/SCRUM-525"
    },
    {
      "key": "SCRUM-524",
      "summary": "Pharmacy Pharmacy Crs Store",
      "description": "As a user, I want to pharmacy pharmacy crs store so that the related functionality works as expected.",
      "status": {
        "name": "Idea",
        "category": "To Do"
      },
      "priority": {
        "name": "None",
        "id": null
      },
      "assignee": null,
      "reporter": {
        "displayName": "Shan Eagle",
        "emailAddress": "shaneagle21ai3@gmail.com",
        "accountId": "712020:e8408021-8086-4589-b7f7-e79d937f235d"
      },
      "created": "2025-10-09T19:45:20.904+0530",
      "updated": "2025-10-09T19:45:20.965+0530",
      "components": [],
      "labels": [],
      "fixVersions": [],
      "storyPoints": 3,
      "issueLinks": [],
      "url": "https://shaneagle21ai3.atlassian.net/browse/SCRUM-524"
    },
    {
      "key": "SCRUM-523",
      "summary": "Mm Mm Crs Store",
      "description": "As a user, I want to mm mm crs store so that the related functionality works as expected.",
      "status": {
        "name": "Idea",
        "category": "To Do"
      },
      "priority": {
        "name": "None",
        "id": null
      },
      "assignee": null,
      "reporter": {
        "displayName": "Shan Eagle",
        "emailAddress": "shaneagle21ai3@gmail.com",
        "accountId": "712020:e8408021-8086-4589-b7f7-e79d937f235d"
      },
      "created": "2025-10-09T19:45:20.507+0530",
      "updated": "2025-10-09T19:45:20.571+0530",
      "components": [],
      "labels": [],
      "fixVersions": [],
      "storyPoints": 3,
      "issueLinks": [],
      "url": "https://shaneagle21ai3.atlassian.net/browse/SCRUM-523"
    },
    {
      "key": "SCRUM-522",
      "summary": "Laboratory Haematology Lab Technician",
      "description": "As a user, I want to laboratory haematology lab technician so that the related functionality works as expected.",
      "status": {
        "name": "Idea",
        "category": "To Do"
      },
      "priority": {
        "name": "None",
        "id": null
      },
      "assignee": null,
      "reporter": {
        "displayName": "Shan Eagle",
        "emailAddress": "shaneagle21ai3@gmail.com",
        "accountId": "712020:e8408021-8086-4589-b7f7-e79d937f235d"
      },
      "created": "2025-10-09T19:45:20.201+0530",
      "updated": "2025-10-09T19:45:20.266+0530",
      "components": [],
      "labels": [],
      "fixVersions": [],
      "storyPoints": 3,
      "issueLinks": [],
      "url": "https://shaneagle21ai3.atlassian.net/browse/SCRUM-522"
    },
    {
      "key": "SCRUM-521",
      "summary": "Laboratory Biochemistry Lab Technician",
      "description": "As a user, I want to laboratory biochemistry lab technician so that the related functionality works as expected.",
      "status": {
        "name": "Idea",
        "category": "To Do"
      },
      "priority": {
        "name": "None",
        "id": null
      },
      "assignee": null,
      "reporter": {
        "displayName": "Shan Eagle",
        "emailAddress": "shaneagle21ai3@gmail.com",
        "accountId": "712020:e8408021-8086-4589-b7f7-e79d937f235d"
      },
      "created": "2025-10-09T19:45:19.840+0530",
      "updated": "2025-10-09T19:45:19.943+0530",
      "components": [],
      "labels": [],
      "fixVersions": [],
      "storyPoints": 3,
      "issueLinks": [],
      "url": "https://shaneagle21ai3.atlassian.net/browse/SCRUM-521"
    },
    {
      "key": "SCRUM-520",
      "summary": "Laboratory Bb Lab Technician",
      "description": "As a user, I want to laboratory bb lab technician so that the related functionality works as expected.",
      "status": {
        "name": "Idea",
        "category": "To Do"
      },
      "priority": {
        "name": "None",
        "id": null
      },
      "assignee": null,
      "reporter": {
        "displayName": "Shan Eagle",
        "emailAddress": "shaneagle21ai3@gmail.com",
        "accountId": "712020:e8408021-8086-4589-b7f7-e79d937f235d"
      },
      "created": "2025-10-09T19:45:19.453+0530",
      "updated": "2025-10-09T19:45:19.563+0530",
      "components": [],
      "labels": [],
      "fixVersions": [],
      "storyPoints": 3,
      "issueLinks": [],
      "url": "https://shaneagle21ai3.atlassian.net/browse/SCRUM-520"
    },
    {
      "key": "SCRUM-519",
      "summary": "Radiology Masters Service Parameter",
      "description": "As a user, I want to radiology masters service parameter so that the related functionality works as expected.",
      "status": {
        "name": "Idea",
        "category": "To Do"
      },
      "priority": {
        "name": "None",
        "id": null
      },
      "assignee": null,
      "reporter": {
        "displayName": "Shan Eagle",
        "emailAddress": "shaneagle21ai3@gmail.com",
        "accountId": "712020:e8408021-8086-4589-b7f7-e79d937f235d"
      },
      "created": "2025-10-09T19:45:19.162+0530",
      "updated": "2025-10-09T19:45:19.227+0530",
      "components": [],
      "labels": [],
      "fixVersions": [],
      "storyPoints": 3,
      "issueLinks": [],
      "url": "https://shaneagle21ai3.atlassian.net/browse/SCRUM-519"
    },
    {
      "key": "SCRUM-518",
      "summary": "Reports Summary Reports Joint",
      "description": "As a user, I want to reports summary reports joint so that the related functionality works as expected.",
      "status": {
        "name": "Idea",
        "category": "To Do"
      },
      "priority": {
        "name": "None",
        "id": null
      },
      "assignee": null,
      "reporter": {
        "displayName": "Shan Eagle",
        "emailAddress": "shaneagle21ai3@gmail.com",
        "accountId": "712020:e8408021-8086-4589-b7f7-e79d937f235d"
      },
      "created": "2025-10-09T19:45:18.823+0530",
      "updated": "2025-10-09T19:45:18.896+0530",
      "components": [],
      "labels": [],
      "fixVersions": [],
      "storyPoints": 3,
      "issueLinks": [],
      "url": "https://shaneagle21ai3.atlassian.net/browse/SCRUM-518"
    },
    {
      "key": "SCRUM-517",
      "summary": "Employee Structure Employee Structure",
      "description": "As a user, I want to employee structure employee structure so that the related functionality works as expected.",
      "status": {
        "name": "Idea",
        "category": "To Do"
      },
      "priority": {
        "name": "None",
        "id": null
      },
      "assignee": null,
      "reporter": {
        "displayName": "Shan Eagle",
        "emailAddress": "shaneagle21ai3@gmail.com",
        "accountId": "712020:e8408021-8086-4589-b7f7-e79d937f235d"
      },
      "created": "2025-10-09T19:45:18.486+0530",
      "updated": "2025-10-09T19:45:18.550+0530",
      "components": [],
      "labels": [],
      "fixVersions": [],
      "storyPoints": 3,
      "issueLinks": [],
      "url": "https://shaneagle21ai3.atlassian.net/browse/SCRUM-517"
    },
    {
      "key": "SCRUM-516",
      "summary": "Employee Profile Employee Search",
      "description": "As a user, I want to employee profile employee search so that the related functionality works as expected.",
      "status": {
        "name": "Idea",
        "category": "To Do"
      },
      "priority": {
        "name": "None",
        "id": null
      },
      "assignee": null,
      "reporter": {
        "displayName": "Shan Eagle",
        "emailAddress": "shaneagle21ai3@gmail.com",
        "accountId": "712020:e8408021-8086-4589-b7f7-e79d937f235d"
      },
      "created": "2025-10-09T19:45:18.194+0530",
      "updated": "2025-10-09T19:45:18.257+0530",
      "components": [],
      "labels": [],
      "fixVersions": [],
      "storyPoints": 3,
      "issueLinks": [],
      "url": "https://shaneagle21ai3.atlassian.net/browse/SCRUM-516"
    },
    {
      "key": "SCRUM-515",
      "summary": "Active Directory Search In",
      "description": "As a user, I want to active directory search in so that the related functionality works as expected.",
      "status": {
        "name": "Idea",
        "category": "To Do"
      },
      "priority": {
        "name": "None",
        "id": null
      },
      "assignee": null,
      "reporter": {
        "displayName": "Shan Eagle",
        "emailAddress": "shaneagle21ai3@gmail.com",
        "accountId": "712020:e8408021-8086-4589-b7f7-e79d937f235d"
      },
      "created": "2025-10-09T19:45:17.890+0530",
      "updated": "2025-10-09T19:45:17.955+0530",
      "components": [],
      "labels": [],
      "fixVersions": [],
      "storyPoints": 3,
      "issueLinks": [],
      "url": "https://shaneagle21ai3.atlassian.net/browse/SCRUM-515"
    },
    {
      "key": "SCRUM-514",
      "summary": "Transactions View Request Perform",
      "description": "As a user, I want to transactions view request perform so that the related functionality works as expected.",
      "status": {
        "name": "Idea",
        "category": "To Do"
      },
      "priority": {
        "name": "None",
        "id": null
      },
      "assignee": null,
      "reporter": {
        "displayName": "Shan Eagle",
        "emailAddress": "shaneagle21ai3@gmail.com",
        "accountId": "712020:e8408021-8086-4589-b7f7-e79d937f235d"
      },
      "created": "2025-10-09T19:45:17.567+0530",
      "updated": "2025-10-09T19:45:17.633+0530",
      "components": [],
      "labels": [],
      "fixVersions": [],
      "storyPoints": 3,
      "issueLinks": [],
      "url": "https://shaneagle21ai3.atlassian.net/browse/SCRUM-514"
    },
    {
      "key": "SCRUM-513",
      "summary": "Pat Approval View Prescription",
      "description": "As a user, I want to pat approval view prescription so that the related functionality works as expected.",
      "status": {
        "name": "Idea",
        "category": "To Do"
      },
      "priority": {
        "name": "None",
        "id": null
      },
      "assignee": null,
      "reporter": {
        "displayName": "Shan Eagle",
        "emailAddress": "shaneagle21ai3@gmail.com",
        "accountId": "712020:e8408021-8086-4589-b7f7-e79d937f235d"
      },
      "created": "2025-10-09T19:45:17.231+0530",
      "updated": "2025-10-09T19:45:17.292+0530",
      "components": [],
      "labels": [],
      "fixVersions": [],
      "storyPoints": 3,
      "issueLinks": [],
      "url": "https://shaneagle21ai3.atlassian.net/browse/SCRUM-513"
    },
    {
      "key": "SCRUM-512",
      "summary": "Daycare Nurse Activities Drug",
      "description": "As a user, I want to daycare nurse activities drug so that the related functionality works as expected.",
      "status": {
        "name": "Idea",
        "category": "To Do"
      },
      "priority": {
        "name": "None",
        "id": null
      },
      "assignee": null,
      "reporter": {
        "displayName": "Shan Eagle",
        "emailAddress": "shaneagle21ai3@gmail.com",
        "accountId": "712020:e8408021-8086-4589-b7f7-e79d937f235d"
      },
      "created": "2025-10-09T19:45:16.939+0530",
      "updated": "2025-10-09T19:45:17.006+0530",
      "components": [],
      "labels": [],
      "fixVersions": [],
      "storyPoints": 3,
      "issueLinks": [],
      "url": "https://shaneagle21ai3.atlassian.net/browse/SCRUM-512"
    },
    {
      "key": "SCRUM-511",
      "summary": "Consultant Dashboard Tickler List",
      "description": "As a user, I want to consultant dashboard tickler list so that the related functionality works as expected.",
      "status": {
        "name": "Idea",
        "category": "To Do"
      },
      "priority": {
        "name": "None",
        "id": null
      },
      "assignee": null,
      "reporter": {
        "displayName": "Shan Eagle",
        "emailAddress": "shaneagle21ai3@gmail.com",
        "accountId": "712020:e8408021-8086-4589-b7f7-e79d937f235d"
      },
      "created": "2025-10-09T19:45:16.587+0530",
      "updated": "2025-10-09T19:45:16.687+0530",
      "components": [],
      "labels": [],
      "fixVersions": [],
      "storyPoints": 3,
      "issueLinks": [],
      "url": "https://shaneagle21ai3.atlassian.net/browse/SCRUM-511"
    },
    {
      "key": "SCRUM-510",
      "summary": "Blood Donation Apheresis Procedure",
      "description": "As a user, I want to blood donation apheresis procedure so that the related functionality works as expected.",
      "status": {
        "name": "Idea",
        "category": "To Do"
      },
      "priority": {
        "name": "None",
        "id": null
      },
      "assignee": null,
      "reporter": {
        "displayName": "Shan Eagle",
        "emailAddress": "shaneagle21ai3@gmail.com",
        "accountId": "712020:e8408021-8086-4589-b7f7-e79d937f235d"
      },
      "created": "2025-10-09T19:45:16.199+0530",
      "updated": "2025-10-09T19:45:16.306+0530",
      "components": [],
      "labels": [],
      "fixVersions": [],
      "storyPoints": 3,
      "issueLinks": [],
      "url": "https://shaneagle21ai3.atlassian.net/browse/SCRUM-510"
    },
    {
      "key": "SCRUM-509",
      "summary": "Search Transfers",
      "description": "As a user, I want to search transfers so that the related functionality works as expected.",
      "status": {
        "name": "Idea",
        "category": "To Do"
      },
      "priority": {
        "name": "None",
        "id": null
      },
      "assignee": null,
      "reporter": {
        "displayName": "Shan Eagle",
        "emailAddress": "shaneagle21ai3@gmail.com",
        "accountId": "712020:e8408021-8086-4589-b7f7-e79d937f235d"
      },
      "created": "2025-10-09T19:45:15.882+0530",
      "updated": "2025-10-09T19:45:15.948+0530",
      "components": [],
      "labels": [],
      "fixVersions": [],
      "storyPoints": 3,
      "issueLinks": [],
      "url": "https://shaneagle21ai3.atlassian.net/browse/SCRUM-509"
    },
    {
      "key": "SCRUM-508",
      "summary": "Masters Presentknownillness System Symptom",
      "description": "As a user, I want to masters presentknownillness system symptom so that the related functionality works as expected.",
      "status": {
        "name": "Idea",
        "category": "To Do"
      },
      "priority": {
        "name": "None",
        "id": null
      },
      "assignee": null,
      "reporter": {
        "displayName": "Shan Eagle",
        "emailAddress": "shaneagle21ai3@gmail.com",
        "accountId": "712020:e8408021-8086-4589-b7f7-e79d937f235d"
      },
      "created": "2025-10-09T19:45:15.531+0530",
      "updated": "2025-10-09T19:45:15.594+0530",
      "components": [],
      "labels": [],
      "fixVersions": [],
      "storyPoints": 3,
      "issueLinks": [],
      "url": "https://shaneagle21ai3.atlassian.net/browse/SCRUM-508"
    },
    {
      "key": "SCRUM-507",
      "summary": "Role Resource Item Registration",
      "description": "As a user, I want to role resource item registration so that the related functionality works as expected.",
      "status": {
        "name": "Idea",
        "category": "To Do"
      },
      "priority": {
        "name": "None",
        "id": null
      },
      "assignee": null,
      "reporter": {
        "displayName": "Shan Eagle",
        "emailAddress": "shaneagle21ai3@gmail.com",
        "accountId": "712020:e8408021-8086-4589-b7f7-e79d937f235d"
      },
      "created": "2025-10-09T19:45:15.234+0530",
      "updated": "2025-10-09T19:45:15.298+0530",
      "components": [],
      "labels": [],
      "fixVersions": [],
      "storyPoints": 3,
      "issueLinks": [],
      "url": "https://shaneagle21ai3.atlassian.net/browse/SCRUM-507"
    },
    {
      "key": "SCRUM-506",
      "summary": "Role Resource Item Jr",
      "description": "As a user, I want to role resource item jr so that the related functionality works as expected.",
      "status": {
        "name": "Idea",
        "category": "To Do"
      },
      "priority": {
        "name": "None",
        "id": null
      },
      "assignee": null,
      "reporter": {
        "displayName": "Shan Eagle",
        "emailAddress": "shaneagle21ai3@gmail.com",
        "accountId": "712020:e8408021-8086-4589-b7f7-e79d937f235d"
      },
      "created": "2025-10-09T19:45:14.910+0530",
      "updated": "2025-10-09T19:45:14.973+0530",
      "components": [],
      "labels": [],
      "fixVersions": [],
      "storyPoints": 3,
      "issueLinks": [],
      "url": "https://shaneagle21ai3.atlassian.net/browse/SCRUM-506"
    },
    {
      "key": "SCRUM-505",
      "summary": "Role Resource Item Haematology",
      "description": "As a user, I want to role resource item haematology so that the related functionality works as expected.",
      "status": {
        "name": "Idea",
        "category": "To Do"
      },
      "priority": {
        "name": "None",
        "id": null
      },
      "assignee": null,
      "reporter": {
        "displayName": "Shan Eagle",
        "emailAddress": "shaneagle21ai3@gmail.com",
        "accountId": "712020:e8408021-8086-4589-b7f7-e79d937f235d"
      },
      "created": "2025-10-09T19:45:14.619+0530",
      "updated": "2025-10-09T19:45:14.682+0530",
      "components": [],
      "labels": [],
      "fixVersions": [],
      "storyPoints": 3,
      "issueLinks": [],
      "url": "https://shaneagle21ai3.atlassian.net/browse/SCRUM-505"
    },
    {
      "key": "SCRUM-504",
      "summary": "Wards Dashboard Death Summary",
      "description": "As a user, I want to wards dashboard death summary so that the related functionality works as expected.",
      "status": {
        "name": "Idea",
        "category": "To Do"
      },
      "priority": {
        "name": "None",
        "id": null
      },
      "assignee": null,
      "reporter": {
        "displayName": "Shan Eagle",
        "emailAddress": "shaneagle21ai3@gmail.com",
        "accountId": "712020:e8408021-8086-4589-b7f7-e79d937f235d"
      },
      "created": "2025-10-09T19:45:14.240+0530",
      "updated": "2025-10-09T19:45:14.351+0530",
      "components": [],
      "labels": [],
      "fixVersions": [],
      "storyPoints": 3,
      "issueLinks": [],
      "url": "https://shaneagle21ai3.atlassian.net/browse/SCRUM-504"
    },
    {
      "key": "SCRUM-503",
      "summary": "Nurse Activities Surgical Pre",
      "description": "As a user, I want to nurse activities surgical pre so that the related functionality works as expected.",
      "status": {
        "name": "Idea",
        "category": "To Do"
      },
      "priority": {
        "name": "None",
        "id": null
      },
      "assignee": null,
      "reporter": {
        "displayName": "Shan Eagle",
        "emailAddress": "shaneagle21ai3@gmail.com",
        "accountId": "712020:e8408021-8086-4589-b7f7-e79d937f235d"
      },
      "created": "2025-10-09T19:45:13.869+0530",
      "updated": "2025-10-09T19:45:13.935+0530",
      "components": [],
      "labels": [],
      "fixVersions": [],
      "storyPoints": 3,
      "issueLinks": [],
      "url": "https://shaneagle21ai3.atlassian.net/browse/SCRUM-503"
    },
    {
      "key": "SCRUM-502",
      "summary": "Radiology Transactions Status Dashboard",
      "description": "As a user, I want to radiology transactions status dashboard so that the related functionality works as expected.",
      "status": {
        "name": "Idea",
        "category": "To Do"
      },
      "priority": {
        "name": "None",
        "id": null
      },
      "assignee": null,
      "reporter": {
        "displayName": "Shan Eagle",
        "emailAddress": "shaneagle21ai3@gmail.com",
        "accountId": "712020:e8408021-8086-4589-b7f7-e79d937f235d"
      },
      "created": "2025-10-09T19:45:13.550+0530",
      "updated": "2025-10-09T19:45:13.611+0530",
      "components": [],
      "labels": [],
      "fixVersions": [],
      "storyPoints": 3,
      "issueLinks": [],
      "url": "https://shaneagle21ai3.atlassian.net/browse/SCRUM-502"
    },
    {
      "key": "SCRUM-501",
      "summary": "Masters Anesthesia Master Anesthesia",
      "description": "As a user, I want to masters anesthesia master anesthesia so that the related functionality works as expected.",
      "status": {
        "name": "Idea",
        "category": "To Do"
      },
      "priority": {
        "name": "None",
        "id": null
      },
      "assignee": null,
      "reporter": {
        "displayName": "Shan Eagle",
        "emailAddress": "shaneagle21ai3@gmail.com",
        "accountId": "712020:e8408021-8086-4589-b7f7-e79d937f235d"
      },
      "created": "2025-10-09T19:45:13.191+0530",
      "updated": "2025-10-09T19:45:13.256+0530",
      "components": [],
      "labels": [],
      "fixVersions": [],
      "storyPoints": 3,
      "issueLinks": [],
      "url": "https://shaneagle21ai3.atlassian.net/browse/SCRUM-501"
    },
    {
      "key": "SCRUM-500",
      "summary": "Dashboards Common Floornurse Preop",
      "description": "As a user, I want to dashboards common floornurse preop so that the related functionality works as expected.",
      "status": {
        "name": "Idea",
        "category": "To Do"
      },
      "priority": {
        "name": "None",
        "id": null
      },
      "assignee": null,
      "reporter": {
        "displayName": "Shan Eagle",
        "emailAddress": "shaneagle21ai3@gmail.com",
        "accountId": "712020:e8408021-8086-4589-b7f7-e79d937f235d"
      },
      "created": "2025-10-09T19:45:12.860+0530",
      "updated": "2025-10-09T19:45:12.925+0530",
      "components": [],
      "labels": [],
      "fixVersions": [],
      "storyPoints": 3,
      "issueLinks": [],
      "url": "https://shaneagle21ai3.atlassian.net/browse/SCRUM-500"
    },
    {
      "key": "SCRUM-499",
      "summary": "Reports View Reports Deposit",
      "description": "As a user, I want to reports view reports deposit so that the related functionality works as expected.",
      "status": {
        "name": "Idea",
        "category": "To Do"
      },
      "priority": {
        "name": "None",
        "id": null
      },
      "assignee": null,
      "reporter": {
        "displayName": "Shan Eagle",
        "emailAddress": "shaneagle21ai3@gmail.com",
        "accountId": "712020:e8408021-8086-4589-b7f7-e79d937f235d"
      },
      "created": "2025-10-09T19:45:12.470+0530",
      "updated": "2025-10-09T19:45:12.540+0530",
      "components": [],
      "labels": [],
      "fixVersions": [],
      "storyPoints": 3,
      "issueLinks": [],
      "url": "https://shaneagle21ai3.atlassian.net/browse/SCRUM-499"
    },
    {
      "key": "SCRUM-498",
      "summary": "Masters Service Definitions Service",
      "description": "As a user, I want to masters service definitions service so that the related functionality works as expected.",
      "status": {
        "name": "Idea",
        "category": "To Do"
      },
      "priority": {
        "name": "None",
        "id": null
      },
      "assignee": null,
      "reporter": {
        "displayName": "Shan Eagle",
        "emailAddress": "shaneagle21ai3@gmail.com",
        "accountId": "712020:e8408021-8086-4589-b7f7-e79d937f235d"
      },
      "created": "2025-10-09T19:45:12.155+0530",
      "updated": "2025-10-09T19:45:12.217+0530",
      "components": [],
      "labels": [],
      "fixVersions": [],
      "storyPoints": 3,
      "issueLinks": [],
      "url": "https://shaneagle21ai3.atlassian.net/browse/SCRUM-498"
    },
    {
      "key": "SCRUM-497",
      "summary": "Reports Mis Reports Manpower",
      "description": "As a user, I want to reports mis reports manpower so that the related functionality works as expected.",
      "status": {
        "name": "Idea",
        "category": "To Do"
      },
      "priority": {
        "name": "None",
        "id": null
      },
      "assignee": null,
      "reporter": {
        "displayName": "Shan Eagle",
        "emailAddress": "shaneagle21ai3@gmail.com",
        "accountId": "712020:e8408021-8086-4589-b7f7-e79d937f235d"
      },
      "created": "2025-10-09T19:45:11.811+0530",
      "updated": "2025-10-09T19:45:11.876+0530",
      "components": [],
      "labels": [],
      "fixVersions": [],
      "storyPoints": 3,
      "issueLinks": [],
      "url": "https://shaneagle21ai3.atlassian.net/browse/SCRUM-497"
    },
    {
      "key": "SCRUM-496",
      "summary": "General Masters Holidays Master",
      "description": "As a user, I want to general masters holidays master so that the related functionality works as expected.",
      "status": {
        "name": "Idea",
        "category": "To Do"
      },
      "priority": {
        "name": "None",
        "id": null
      },
      "assignee": null,
      "reporter": {
        "displayName": "Shan Eagle",
        "emailAddress": "shaneagle21ai3@gmail.com",
        "accountId": "712020:e8408021-8086-4589-b7f7-e79d937f235d"
      },
      "created": "2025-10-09T19:45:11.479+0530",
      "updated": "2025-10-09T19:45:11.547+0530",
      "components": [],
      "labels": [],
      "fixVersions": [],
      "storyPoints": 3,
      "issueLinks": [],
      "url": "https://shaneagle21ai3.atlassian.net/browse/SCRUM-496"
    },
    {
      "key": "SCRUM-495",
      "summary": "View Request Status Other",
      "description": "As a user, I want to view request status other so that the related functionality works as expected.",
      "status": {
        "name": "Idea",
        "category": "To Do"
      },
      "priority": {
        "name": "None",
        "id": null
      },
      "assignee": null,
      "reporter": {
        "displayName": "Shan Eagle",
        "emailAddress": "shaneagle21ai3@gmail.com",
        "accountId": "712020:e8408021-8086-4589-b7f7-e79d937f235d"
      },
      "created": "2025-10-09T19:45:11.177+0530",
      "updated": "2025-10-09T19:45:11.245+0530",
      "components": [],
      "labels": [],
      "fixVersions": [],
      "storyPoints": 3,
      "issueLinks": [],
      "url": "https://shaneagle21ai3.atlassian.net/browse/SCRUM-495"
    },
    {
      "key": "SCRUM-494",
      "summary": "View Request Status Blood",
      "description": "As a user, I want to view request status blood so that the related functionality works as expected.",
      "status": {
        "name": "Idea",
        "category": "To Do"
      },
      "priority": {
        "name": "None",
        "id": null
      },
      "assignee": null,
      "reporter": {
        "displayName": "Shan Eagle",
        "emailAddress": "shaneagle21ai3@gmail.com",
        "accountId": "712020:e8408021-8086-4589-b7f7-e79d937f235d"
      },
      "created": "2025-10-09T19:45:10.821+0530",
      "updated": "2025-10-09T19:45:10.923+0530",
      "components": [],
      "labels": [],
      "fixVersions": [],
      "storyPoints": 3,
      "issueLinks": [],
      "url": "https://shaneagle21ai3.atlassian.net/browse/SCRUM-494"
    },
    {
      "key": "SCRUM-493",
      "summary": "Emergency Masters Conditions Master",
      "description": "As a user, I want to emergency masters conditions master so that the related functionality works as expected.",
      "status": {
        "name": "Idea",
        "category": "To Do"
      },
      "priority": {
        "name": "None",
        "id": null
      },
      "assignee": null,
      "reporter": {
        "displayName": "Shan Eagle",
        "emailAddress": "shaneagle21ai3@gmail.com",
        "accountId": "712020:e8408021-8086-4589-b7f7-e79d937f235d"
      },
      "created": "2025-10-09T19:45:10.487+0530",
      "updated": "2025-10-09T19:45:10.552+0530",
      "components": [],
      "labels": [],
      "fixVersions": [],
      "storyPoints": 3,
      "issueLinks": [],
      "url": "https://shaneagle21ai3.atlassian.net/browse/SCRUM-493"
    },
    {
      "key": "SCRUM-492",
      "summary": "Search Search With Group",
      "description": "As a user, I want to search search with group so that the related functionality works as expected.",
      "status": {
        "name": "Idea",
        "category": "To Do"
      },
      "priority": {
        "name": "None",
        "id": null
      },
      "assignee": null,
      "reporter": {
        "displayName": "Shan Eagle",
        "emailAddress": "shaneagle21ai3@gmail.com",
        "accountId": "712020:e8408021-8086-4589-b7f7-e79d937f235d"
      },
      "created": "2025-10-09T19:45:10.091+0530",
      "updated": "2025-10-09T19:45:10.210+0530",
      "components": [],
      "labels": [],
      "fixVersions": [],
      "storyPoints": 3,
      "issueLinks": [],
      "url": "https://shaneagle21ai3.atlassian.net/browse/SCRUM-492"
    },
    {
      "key": "SCRUM-491",
      "summary": "Daycare Nurse Activities Surgical",
      "description": "As a user, I want to daycare nurse activities surgical so that the related functionality works as expected.",
      "status": {
        "name": "Idea",
        "category": "To Do"
      },
      "priority": {
        "name": "None",
        "id": null
      },
      "assignee": null,
      "reporter": {
        "displayName": "Shan Eagle",
        "emailAddress": "shaneagle21ai3@gmail.com",
        "accountId": "712020:e8408021-8086-4589-b7f7-e79d937f235d"
      },
      "created": "2025-10-09T19:45:09.710+0530",
      "updated": "2025-10-09T19:45:09.780+0530",
      "components": [],
      "labels": [],
      "fixVersions": [],
      "storyPoints": 3,
      "issueLinks": [],
      "url": "https://shaneagle21ai3.atlassian.net/browse/SCRUM-491"
    },
    {
      "key": "SCRUM-490",
      "summary": "View Consolidated View Of",
      "description": "As a user, I want to view consolidated view of so that the related functionality works as expected.",
      "status": {
        "name": "Idea",
        "category": "To Do"
      },
      "priority": {
        "name": "None",
        "id": null
      },
      "assignee": null,
      "reporter": {
        "displayName": "Shan Eagle",
        "emailAddress": "shaneagle21ai3@gmail.com",
        "accountId": "712020:e8408021-8086-4589-b7f7-e79d937f235d"
      },
      "created": "2025-10-09T19:45:09.369+0530",
      "updated": "2025-10-09T19:45:09.430+0530",
      "components": [],
      "labels": [],
      "fixVersions": [],
      "storyPoints": 3,
      "issueLinks": [],
      "url": "https://shaneagle21ai3.atlassian.net/browse/SCRUM-490"
    },
    {
      "key": "SCRUM-489",
      "summary": "Blood Donation Component Preparation",
      "description": "As a user, I want to blood donation component preparation so that the related functionality works as expected.",
      "status": {
        "name": "Idea",
        "category": "To Do"
      },
      "priority": {
        "name": "None",
        "id": null
      },
      "assignee": null,
      "reporter": {
        "displayName": "Shan Eagle",
        "emailAddress": "shaneagle21ai3@gmail.com",
        "accountId": "712020:e8408021-8086-4589-b7f7-e79d937f235d"
      },
      "created": "2025-10-09T19:45:09.045+0530",
      "updated": "2025-10-09T19:45:09.111+0530",
      "components": [],
      "labels": [],
      "fixVersions": [],
      "storyPoints": 3,
      "issueLinks": [],
      "url": "https://shaneagle21ai3.atlassian.net/browse/SCRUM-489"
    },
    {
      "key": "SCRUM-488",
      "summary": "Blood Donation Blood Collection",
      "description": "As a user, I want to blood donation blood collection so that the related functionality works as expected.",
      "status": {
        "name": "Idea",
        "category": "To Do"
      },
      "priority": {
        "name": "None",
        "id": null
      },
      "assignee": null,
      "reporter": {
        "displayName": "Shan Eagle",
        "emailAddress": "shaneagle21ai3@gmail.com",
        "accountId": "712020:e8408021-8086-4589-b7f7-e79d937f235d"
      },
      "created": "2025-10-09T19:45:08.729+0530",
      "updated": "2025-10-09T19:45:08.794+0530",
      "components": [],
      "labels": [],
      "fixVersions": [],
      "storyPoints": 3,
      "issueLinks": [],
      "url": "https://shaneagle21ai3.atlassian.net/browse/SCRUM-488"
    },
    {
      "key": "SCRUM-487",
      "summary": "Bed Booking View Reservation",
      "description": "As a user, I want to bed booking view reservation so that the related functionality works as expected.",
      "status": {
        "name": "Idea",
        "category": "To Do"
      },
      "priority": {
        "name": "None",
        "id": null
      },
      "assignee": null,
      "reporter": {
        "displayName": "Shan Eagle",
        "emailAddress": "shaneagle21ai3@gmail.com",
        "accountId": "712020:e8408021-8086-4589-b7f7-e79d937f235d"
      },
      "created": "2025-10-09T19:45:08.397+0530",
      "updated": "2025-10-09T19:45:08.467+0530",
      "components": [],
      "labels": [],
      "fixVersions": [],
      "storyPoints": 3,
      "issueLinks": [],
      "url": "https://shaneagle21ai3.atlassian.net/browse/SCRUM-487"
    },
    {
      "key": "SCRUM-486",
      "summary": "Mastersetup Map Machine Visit",
      "description": "As a user, I want to mastersetup map machine visit so that the related functionality works as expected.",
      "status": {
        "name": "Idea",
        "category": "To Do"
      },
      "priority": {
        "name": "None",
        "id": null
      },
      "assignee": null,
      "reporter": {
        "displayName": "Shan Eagle",
        "emailAddress": "shaneagle21ai3@gmail.com",
        "accountId": "712020:e8408021-8086-4589-b7f7-e79d937f235d"
      },
      "created": "2025-10-09T19:45:08.017+0530",
      "updated": "2025-10-09T19:45:08.169+0530",
      "components": [],
      "labels": [],
      "fixVersions": [],
      "storyPoints": 3,
      "issueLinks": [],
      "url": "https://shaneagle21ai3.atlassian.net/browse/SCRUM-486"
    },
    {
      "key": "SCRUM-485",
      "summary": "Role Resource Item Mm",
      "description": "As a user, I want to role resource item mm so that the related functionality works as expected.",
      "status": {
        "name": "Idea",
        "category": "To Do"
      },
      "priority": {
        "name": "None",
        "id": null
      },
      "assignee": null,
      "reporter": {
        "displayName": "Shan Eagle",
        "emailAddress": "shaneagle21ai3@gmail.com",
        "accountId": "712020:e8408021-8086-4589-b7f7-e79d937f235d"
      },
      "created": "2025-10-09T19:45:07.609+0530",
      "updated": "2025-10-09T19:45:07.723+0530",
      "components": [],
      "labels": [],
      "fixVersions": [],
      "storyPoints": 3,
      "issueLinks": [],
      "url": "https://shaneagle21ai3.atlassian.net/browse/SCRUM-485"
    },
    {
      "key": "SCRUM-484",
      "summary": "Role Resource Item Histopathology",
      "description": "As a user, I want to role resource item histopathology so that the related functionality works as expected.",
      "status": {
        "name": "Idea",
        "category": "To Do"
      },
      "priority": {
        "name": "None",
        "id": null
      },
      "assignee": null,
      "reporter": {
        "displayName": "Shan Eagle",
        "emailAddress": "shaneagle21ai3@gmail.com",
        "accountId": "712020:e8408021-8086-4589-b7f7-e79d937f235d"
      },
      "created": "2025-10-09T19:45:07.201+0530",
      "updated": "2025-10-09T19:45:07.312+0530",
      "components": [],
      "labels": [],
      "fixVersions": [],
      "storyPoints": 3,
      "issueLinks": [],
      "url": "https://shaneagle21ai3.atlassian.net/browse/SCRUM-484"
    },
    {
      "key": "SCRUM-483",
      "summary": "Role Resource Item Genetics",
      "description": "As a user, I want to role resource item genetics so that the related functionality works as expected.",
      "status": {
        "name": "Idea",
        "category": "To Do"
      },
      "priority": {
        "name": "None",
        "id": null
      },
      "assignee": null,
      "reporter": {
        "displayName": "Shan Eagle",
        "emailAddress": "shaneagle21ai3@gmail.com",
        "accountId": "712020:e8408021-8086-4589-b7f7-e79d937f235d"
      },
      "created": "2025-10-09T19:45:06.809+0530",
      "updated": "2025-10-09T19:45:06.879+0530",
      "components": [],
      "labels": [],
      "fixVersions": [],
      "storyPoints": 3,
      "issueLinks": [],
      "url": "https://shaneagle21ai3.atlassian.net/browse/SCRUM-483"
    },
    {
      "key": "SCRUM-482",
      "summary": "Role Resource Item Consultant",
      "description": "As a user, I want to role resource item consultant so that the related functionality works as expected.",
      "status": {
        "name": "Idea",
        "category": "To Do"
      },
      "priority": {
        "name": "None",
        "id": null
      },
      "assignee": null,
      "reporter": {
        "displayName": "Shan Eagle",
        "emailAddress": "shaneagle21ai3@gmail.com",
        "accountId": "712020:e8408021-8086-4589-b7f7-e79d937f235d"
      },
      "created": "2025-10-09T19:45:06.445+0530",
      "updated": "2025-10-09T19:45:06.512+0530",
      "components": [],
      "labels": [],
      "fixVersions": [],
      "storyPoints": 3,
      "issueLinks": [],
      "url": "https://shaneagle21ai3.atlassian.net/browse/SCRUM-482"
    },
    {
      "key": "SCRUM-481",
      "summary": "Dashboards Common Scrubnurse Technician",
      "description": "As a user, I want to dashboards common scrubnurse technician so that the related functionality works as expected.",
      "status": {
        "name": "Idea",
        "category": "To Do"
      },
      "priority": {
        "name": "None",
        "id": null
      },
      "assignee": null,
      "reporter": {
        "displayName": "Shan Eagle",
        "emailAddress": "shaneagle21ai3@gmail.com",
        "accountId": "712020:e8408021-8086-4589-b7f7-e79d937f235d"
      },
      "created": "2025-10-09T19:45:06.123+0530",
      "updated": "2025-10-09T19:45:06.188+0530",
      "components": [],
      "labels": [],
      "fixVersions": [],
      "storyPoints": 3,
      "issueLinks": [],
      "url": "https://shaneagle21ai3.atlassian.net/browse/SCRUM-481"
    },
    {
      "key": "SCRUM-480",
      "summary": "Dashboards Common Recovery Room",
      "description": "As a user, I want to dashboards common recovery room so that the related functionality works as expected.",
      "status": {
        "name": "Idea",
        "category": "To Do"
      },
      "priority": {
        "name": "None",
        "id": null
      },
      "assignee": null,
      "reporter": {
        "displayName": "Shan Eagle",
        "emailAddress": "shaneagle21ai3@gmail.com",
        "accountId": "712020:e8408021-8086-4589-b7f7-e79d937f235d"
      },
      "created": "2025-10-09T19:45:05.842+0530",
      "updated": "2025-10-09T19:45:05.907+0530",
      "components": [],
      "labels": [],
      "fixVersions": [],
      "storyPoints": 3,
      "issueLinks": [],
      "url": "https://shaneagle21ai3.atlassian.net/browse/SCRUM-480"
    },
    {
      "key": "SCRUM-479",
      "summary": "Lab Radiology Days Tat",
      "description": "As a user, I want to lab radiology days tat so that the related functionality works as expected.",
      "status": {
        "name": "Idea",
        "category": "To Do"
      },
      "priority": {
        "name": "None",
        "id": null
      },
      "assignee": null,
      "reporter": {
        "displayName": "Shan Eagle",
        "emailAddress": "shaneagle21ai3@gmail.com",
        "accountId": "712020:e8408021-8086-4589-b7f7-e79d937f235d"
      },
      "created": "2025-10-09T19:45:05.497+0530",
      "updated": "2025-10-09T19:45:05.571+0530",
      "components": [],
      "labels": [],
      "fixVersions": [],
      "storyPoints": 3,
      "issueLinks": [],
      "url": "https://shaneagle21ai3.atlassian.net/browse/SCRUM-479"
    },
    {
      "key": "SCRUM-478",
      "summary": "Reports Admin Reports Discount",
      "description": "As a user, I want to reports admin reports discount so that the related functionality works as expected.",
      "status": {
        "name": "Idea",
        "category": "To Do"
      },
      "priority": {
        "name": "None",
        "id": null
      },
      "assignee": null,
      "reporter": {
        "displayName": "Shan Eagle",
        "emailAddress": "shaneagle21ai3@gmail.com",
        "accountId": "712020:e8408021-8086-4589-b7f7-e79d937f235d"
      },
      "created": "2025-10-09T19:45:05.166+0530",
      "updated": "2025-10-09T19:45:05.230+0530",
      "components": [],
      "labels": [],
      "fixVersions": [],
      "storyPoints": 3,
      "issueLinks": [],
      "url": "https://shaneagle21ai3.atlassian.net/browse/SCRUM-478"
    },
    {
      "key": "SCRUM-477",
      "summary": "Masters Others Other Location",
      "description": "As a user, I want to masters others other location so that the related functionality works as expected.",
      "status": {
        "name": "Idea",
        "category": "To Do"
      },
      "priority": {
        "name": "None",
        "id": null
      },
      "assignee": null,
      "reporter": {
        "displayName": "Shan Eagle",
        "emailAddress": "shaneagle21ai3@gmail.com",
        "accountId": "712020:e8408021-8086-4589-b7f7-e79d937f235d"
      },
      "created": "2025-10-09T19:45:04.839+0530",
      "updated": "2025-10-09T19:45:04.906+0530",
      "components": [],
      "labels": [],
      "fixVersions": [],
      "storyPoints": 3,
      "issueLinks": [],
      "url": "https://shaneagle21ai3.atlassian.net/browse/SCRUM-477"
    },
    {
      "key": "SCRUM-476",
      "summary": "Masters Composite Service Definitions",
      "description": "As a user, I want to masters composite service definitions so that the related functionality works as expected.",
      "status": {
        "name": "Idea",
        "category": "To Do"
      },
      "priority": {
        "name": "None",
        "id": null
      },
      "assignee": null,
      "reporter": {
        "displayName": "Shan Eagle",
        "emailAddress": "shaneagle21ai3@gmail.com",
        "accountId": "712020:e8408021-8086-4589-b7f7-e79d937f235d"
      },
      "created": "2025-10-09T19:45:04.435+0530",
      "updated": "2025-10-09T19:45:04.544+0530",
      "components": [],
      "labels": [],
      "fixVersions": [],
      "storyPoints": 3,
      "issueLinks": [],
      "url": "https://shaneagle21ai3.atlassian.net/browse/SCRUM-476"
    },
    {
      "key": "SCRUM-475",
      "summary": "Reports Mis Reports Monthly",
      "description": "As a user, I want to reports mis reports monthly so that the related functionality works as expected.",
      "status": {
        "name": "Idea",
        "category": "To Do"
      },
      "priority": {
        "name": "None",
        "id": null
      },
      "assignee": null,
      "reporter": {
        "displayName": "Shan Eagle",
        "emailAddress": "shaneagle21ai3@gmail.com",
        "accountId": "712020:e8408021-8086-4589-b7f7-e79d937f235d"
      },
      "created": "2025-10-09T19:45:04.009+0530",
      "updated": "2025-10-09T19:45:04.125+0530",
      "components": [],
      "labels": [],
      "fixVersions": [],
      "storyPoints": 3,
      "issueLinks": [],
      "url": "https://shaneagle21ai3.atlassian.net/browse/SCRUM-475"
    },
    {
      "key": "SCRUM-474",
      "summary": "Employee Profile Reporting Designation",
      "description": "As a user, I want to employee profile reporting designation so that the related functionality works as expected.",
      "status": {
        "name": "Idea",
        "category": "To Do"
      },
      "priority": {
        "name": "None",
        "id": null
      },
      "assignee": null,
      "reporter": {
        "displayName": "Shan Eagle",
        "emailAddress": "shaneagle21ai3@gmail.com",
        "accountId": "712020:e8408021-8086-4589-b7f7-e79d937f235d"
      },
      "created": "2025-10-09T19:45:03.647+0530",
      "updated": "2025-10-09T19:45:03.715+0530",
      "components": [],
      "labels": [],
      "fixVersions": [],
      "storyPoints": 2,
      "issueLinks": [],
      "url": "https://shaneagle21ai3.atlassian.net/browse/SCRUM-474"
    }
  ]
}