{
  "mappings": {
    "dynamic": false,
    "fields": {
      "id": {
        "type": "string",
        "analyzer": "lucene.keyword"
      },
      "module": {
        "type": "string",
        "analyzer": "lucene.standard"
      },
      "title": {
        "type": "string",
        "analyzer": "lucene.standard"
      },
      "description": {
        "type": "string",
        "analyzer": "lucene.standard"
      },
      "steps": {
        "type": "string",
        "analyzer": "lucene.standard"
      },
      "expectedResults": {
        "type": "string",
        "analyzer": "lucene.standard"
      },
      "preRequisites": {
        "type": "string",
        "analyzer": "lucene.standard"
      },
      "automationManual": {
        "type": "string",
        "analyzer": "lucene.keyword"
      },
      "priority": {
        "type": "string",
        "analyzer": "lucene.keyword"
      },
      "risk": {
        "type": "string",
        "analyzer": "lucene.keyword"
      },
      "type": {
        "type": "string",
        "analyzer": "lucene.keyword"
      },
      "linkedStories": {
        "type": "string",
        "analyzer": "lucene.keyword"
      },
      "createdBy": {
        "type": "string",
        "analyzer": "lucene.keyword"
      },
      "version": {
        "type": "string",
        "analyzer": "lucene.keyword"
      }
    }
  }
}