{
  "mappings": {
    "dynamic": false,
    "fields": {
      "id": {
        "type": "string",
        "analyzer": "lucene.keyword"
      },
      "name": {
        "type": "string",
        "analyzer": "lucene.standard"
      },
      "email": {
        "type": "string",
        "analyzer": "lucene.keyword"
      },
      "phone": {
        "type": "string",
        "analyzer": "lucene.keyword"
      },
      "currentOrganisation": {
        "type": "string",
        "analyzer": "lucene.standard"
      },
      "currentTitle": {
        "type": "string",
        "analyzer": "lucene.standard"
      },
      "locations": {
        "type": "string",
        "analyzer": "lucene.standard"
      },
      "skills": {
        "type": "string",
        "analyzer": "lucene.standard"
      },
      "technologies": {
        "type": "string",
        "analyzer": "lucene.standard"
      },
      "yearsOfExperience": {
        "type": "string",
        "analyzer": "lucene.keyword"
      },
      "totalExperience": {
        "type": "string",
        "analyzer": "lucene.keyword"
      },
      "educationLevel": {
        "type": "string",
        "analyzer": "lucene.keyword"
      },
      "certifications": {
        "type": "string",
        "analyzer": "lucene.standard"
      },
      "languages": {
        "type": "string",
        "analyzer": "lucene.standard"
      },
      "previousOrganisations": {
        "type": "string",
        "analyzer": "lucene.standard"
      },
      "previousTitles": {
        "type": "string",
        "analyzer": "lucene.standard"
      },
      "uploadedAt": {
        "type": "string",
        "analyzer": "lucene.keyword"
      },
      "fullContent": {
        "type": "string",
        "analyzer": "lucene.standard"
      }
    }
  }
}
