[
  {
    "module": "Registration",
    "id": "TC_001",
    "preRequisites": "",
    "title": "Normal Registration",
    "description": "Verify Normal registration",
    "steps": "",
    "expectedResults": "Valid UHID should get generate with details and should be able to take the print of that receipt",
    "automationManual": "",
    "priority": "",
    "createdBy": "",
    "createdDate": "",
    "lastModifiedDate": "",
    "risk": "",
    "version": "",
    "type": ""
  },
  {
    "module": "Registration",
    "id": "TC_002",
    "preRequisites": "",
    "title": "Baby of Registration",
    "description": "Verify Baby of Registration",
    "steps": "",
    "expectedResults": "Valid UHID for Baby should get generate with details and should be able to take the print of that receipt",
    "automationManual": "",
    "priority": "",
    "createdBy": "",
    "createdDate": "",
    "lastModifiedDate": "",
    "risk": "",
    "version": "",
    "type": ""
  },
  {
    "module": "Registration",
    "id": "TC_003",
    "preRequisites": "",
    "title": "PRN Registration",
    "description": "Verify PRN Registration",
    "steps": "",
    "expectedResults": "Valid UHID should get generate",
    "automationManual": "",
    "priority": "",
    "createdBy": "",
    "createdDate": "",
    "lastModifiedDate": "",
    "risk": "",
    "version": "",
    "type": ""
  },
  {
    "module": "Registration",
    "id": "TC_004",
    "preRequisites": "",
    "title": "Update details",
    "description": "Verify \"Update details\" feature by updating existing Patient details",
    "steps": "",
    "expectedResults": "Details should get update Successfully",
    "automationManual": "",
    "priority": "",
    "createdBy": "",
    "createdDate": "",
    "lastModifiedDate": "",
    "risk": "",
    "version": "",
    "type": ""
  },
  {
    "module": "Registration",
    "id": "TC_005",
    "preRequisites": "",
    "title": "Conversion from PRN/ERN Reg to UHID",
    "description": "Verify Conversion from PRN/ERN Reg to UHID",
    "steps": "",
    "expectedResults": "Should get convert successfully from PRN/ERN Reg to UHID",
    "automationManual": "",
    "priority": "",
    "createdBy": "",
    "createdDate": "",
    "lastModifiedDate": "",
    "risk": "",
    "version": "",
    "type": ""
  },
  {
    "module": "Registration",
    "id": "TC_006",
    "preRequisites": "",
    "title": "OLD to New UHID conversion",
    "description": "Verify OLD to New UHID conversion",
    "steps": "",
    "expectedResults": "Should get convert successfully from OLD to New UHID",
    "automationManual": "",
    "priority": "",
    "createdBy": "",
    "createdDate": "",
    "lastModifiedDate": "",
    "risk": "",
    "version": "",
    "type": ""
  },
  {
    "module": "Registration",
    "id": "TC_007",
    "preRequisites": "",
    "title": "Patient Search",
    "description": "Verify \"Patient Search\" functionality",
    "steps": "",
    "expectedResults": "Searched patient details should be displayed",
    "automationManual": "",
    "priority": "",
    "createdBy": "",
    "createdDate": "",
    "lastModifiedDate": "",
    "risk": "",
    "version": "",
    "type": ""
  },
  {
    "module": "Registration",
    "id": "TC_008",
    "preRequisites": "",
    "title": "OP Search",
    "description": "Verify OP Search Functionality",
    "steps": "",
    "expectedResults": "Consultation report should get generate",
    "automationManual": "",
    "priority": "",
    "createdBy": "",
    "createdDate": "",
    "lastModifiedDate": "",
    "risk": "",
    "version": "",
    "type": ""
  },
  {
    "module": "Registration",
    "id": "TC_009",
    "preRequisites": "",
    "title": "Regularization of Quick Registration",
    "description": "Verify \"Regularization of Quick Registration\"",
    "steps": "",
    "expectedResults": "",
    "automationManual": "",
    "priority": "",
    "createdBy": "",
    "createdDate": "",
    "lastModifiedDate": "",
    "risk": "",
    "version": "",
    "type": ""
  },
  {
    "module": "Registration",
    "id": "TC_010",
    "preRequisites": "",
    "title": "Corporate Registration",
    "description": "Verify \"Corporate  Registration\"",
    "steps": "",
    "expectedResults": "Corporate registration ID should generate successfully",
    "automationManual": "",
    "priority": "",
    "createdBy": "",
    "createdDate": "",
    "lastModifiedDate": "",
    "risk": "",
    "version": "",
    "type": ""
  },
  {
    "module": "Admin",
    "id": "TC_011",
    "preRequisites": "",
    "title": "Audit Home",
    "description": "",
    "steps": "",
    "expectedResults": "",
    "automationManual": "",
    "priority": "",
    "createdBy": "",
    "createdDate": "",
    "lastModifiedDate": "",
    "risk": "",
    "version": "",
    "type": ""
  },
  {
    "module": "Admin",
    "id": "TC_012",
    "preRequisites": "",
    "title": "Audit Reports",
    "description": "",
    "steps": "",
    "expectedResults": "",
    "automationManual": "",
    "priority": "",
    "createdBy": "",
    "createdDate": "",
    "lastModifiedDate": "",
    "risk": "",
    "version": "",
    "type": ""
  },
  {
    "module": "Admin",
    "id": "TC_013",
    "preRequisites": "",
    "title": " AHC -> Adding Role ",
    "description": "To verify the user able to Add the role to AHC.",
    "steps": "",
    "expectedResults": "Role should be add to AHC",
    "automationManual": "",
    "priority": "",
    "createdBy": "",
    "createdDate": "",
    "lastModifiedDate": "",
    "risk": "",
    "version": "",
    "type": ""
  },
  {
    "module": "Admin",
    "id": "TC_014",
    "preRequisites": "",
    "title": "AHC -> AHC CONSULTANT -> Rename Role",
    "description": "To verify the user able to Rename the role.",
    "steps": "",
    "expectedResults": "Role name should be Rename",
    "automationManual": "",
    "priority": "",
    "createdBy": "",
    "createdDate": "",
    "lastModifiedDate": "",
    "risk": "",
    "version": "",
    "type": ""
  },
  {
    "module": "Admin",
    "id": "TC_015",
    "preRequisites": "",
    "title": "AHC ->  AHC CONSULTANT -> Delete Role",
    "description": "To verify the user able to Delete the role.",
    "steps": "",
    "expectedResults": "Role Name should be Deleted Successfully",
    "automationManual": "",
    "priority": "",
    "createdBy": "",
    "createdDate": "",
    "lastModifiedDate": "",
    "risk": "",
    "version": "",
    "type": ""
  },
  {
    "module": "Admin",
    "id": "TC_016",
    "preRequisites": "",
    "title": "AHC -> AHC DIETICIAN -> Rename Role",
    "description": "To verify the user able to Rename the role.",
    "steps": "",
    "expectedResults": "Role name should be Rename",
    "automationManual": "",
    "priority": "",
    "createdBy": "",
    "createdDate": "",
    "lastModifiedDate": "",
    "risk": "",
    "version": "",
    "type": ""
  },
  {
    "module": "Admin",
    "id": "TC_017",
    "preRequisites": "",
    "title": "AHC -> AHC DIETICIAN -> Delete Role",
    "description": "To verify the user able to Delete the role.",
    "steps": "",
    "expectedResults": "Role Name should be Deleted Successfully",
    "automationManual": "",
    "priority": "",
    "createdBy": "",
    "createdDate": "",
    "lastModifiedDate": "",
    "risk": "",
    "version": "",
    "type": ""
  },
  {
    "module": "Admin",
    "id": "TC_018",
    "preRequisites": "",
    "title": "AHC -> AHC FLOOR MANAGER -> Rename Role",
    "description": "To verify the user able to Rename the role.",
    "steps": "",
    "expectedResults": "Role name should be Rename",
    "automationManual": "",
    "priority": "",
    "createdBy": "",
    "createdDate": "",
    "lastModifiedDate": "",
    "risk": "",
    "version": "",
    "type": ""
  },
  {
    "module": "Admin",
    "id": "TC_019",
    "preRequisites": "",
    "title": "AHC -> AHC FLOOR MANAGER -> Delete Role",
    "description": "To verify the user able to Delete the role.",
    "steps": "",
    "expectedResults": "Role Name should be Deleted Successfully",
    "automationManual": "",
    "priority": "",
    "createdBy": "",
    "createdDate": "",
    "lastModifiedDate": "",
    "risk": "",
    "version": "",
    "type": ""
  },
  {
    "module": "Admin",
    "id": "TC_020",
    "preRequisites": "",
    "title": "AHC -> AHC FRONTOFFICE EXECUTIVE -> Rename Role",
    "description": "To verify the user able to Rename the role.",
    "steps": "",
    "expectedResults": "Role name should be Rename",
    "automationManual": "",
    "priority": "",
    "createdBy": "",
    "createdDate": "",
    "lastModifiedDate": "",
    "risk": "",
    "version": "",
    "type": ""
  },
  {
    "module": "AHC",
    "id": "TC_021",
    "preRequisites": "",
    "title": "Mastersetup->Visit Master",
    "description": "To verify the user able to map Visit.",
    "steps": "",
    "expectedResults": "User should able to create map Visits.",
    "automationManual": "",
    "priority": "",
    "createdBy": "",
    "createdDate": "",
    "lastModifiedDate": "",
    "risk": "",
    "version": "",
    "type": ""
  },
  {
    "module": "AHC",
    "id": "TC_022",
    "preRequisites": "",
    "title": "Mastersetup->Visit Master ->Update ",
    "description": "To verify the user able to Update Visit Master.",
    "steps": "",
    "expectedResults": "User should able to Update Visit Master.",
    "automationManual": "",
    "priority": "",
    "createdBy": "",
    "createdDate": "",
    "lastModifiedDate": "",
    "risk": "",
    "version": "",
    "type": ""
  },
  {
    "module": "AHC",
    "id": "TC_023",
    "preRequisites": "",
    "title": "Mastersetup->Visit Master ->Delete",
    "description": "To verify the user able to Delete Visit Master.",
    "steps": "",
    "expectedResults": "User should able to Delete Visit Master.",
    "automationManual": "",
    "priority": "",
    "createdBy": "",
    "createdDate": "",
    "lastModifiedDate": "",
    "risk": "",
    "version": "",
    "type": ""
  },
  {
    "module": "AHC",
    "id": "TC_024",
    "preRequisites": "",
    "title": "Mastersetup->Counter Master",
    "description": "To verify the user able to create Counter Master.",
    "steps": "",
    "expectedResults": "User should able to create Counter Master.",
    "automationManual": "",
    "priority": "",
    "createdBy": "",
    "createdDate": "",
    "lastModifiedDate": "",
    "risk": "",
    "version": "",
    "type": ""
  },
  {
    "module": "AHC",
    "id": "TC_025",
    "preRequisites": "",
    "title": "Mastersetup->Counter Master->Update",
    "description": "To verify the user able to Update Counter Master.",
    "steps": "",
    "expectedResults": "User should able to Update Counter Master.",
    "automationManual": "",
    "priority": "",
    "createdBy": "",
    "createdDate": "",
    "lastModifiedDate": "",
    "risk": "",
    "version": "",
    "type": ""
  },
  {
    "module": "AHC",
    "id": "TC_026",
    "preRequisites": "",
    "title": "Mastersetup->Counter Master->Delete",
    "description": "To verify the user able to Delete Counter Master.",
    "steps": "",
    "expectedResults": "User should able to Delete Counter Master.",
    "automationManual": "",
    "priority": "",
    "createdBy": "",
    "createdDate": "",
    "lastModifiedDate": "",
    "risk": "",
    "version": "",
    "type": ""
  },
  {
    "module": "AHC",
    "id": "TC_027",
    "preRequisites": "",
    "title": "Mastersetup->Machine Master",
    "description": "To verify the user able to create Machine Master.",
    "steps": "",
    "expectedResults": "User should able to create Machine Master.",
    "automationManual": "",
    "priority": "",
    "createdBy": "",
    "createdDate": "",
    "lastModifiedDate": "",
    "risk": "",
    "version": "",
    "type": ""
  },
  {
    "module": "AHC",
    "id": "TC_028",
    "preRequisites": "",
    "title": "Mastersetup->Machine Master->Update",
    "description": "To verify the user able to Update Machine Master.",
    "steps": "",
    "expectedResults": "User should able to Update Machine Master.",
    "automationManual": "",
    "priority": "",
    "createdBy": "",
    "createdDate": "",
    "lastModifiedDate": "",
    "risk": "",
    "version": "",
    "type": ""
  },
  {
    "module": "AHC",
    "id": "TC_029",
    "preRequisites": "",
    "title": "Mastersetup->Machine Master->Delete",
    "description": "To verify the user able to Delete Machine Master.",
    "steps": "",
    "expectedResults": "User should able to Delete Machine Master.",
    "automationManual": "",
    "priority": "",
    "createdBy": "",
    "createdDate": "",
    "lastModifiedDate": "",
    "risk": "",
    "version": "",
    "type": ""
  },
  {
    "module": "AHC",
    "id": "TC_030",
    "preRequisites": "",
    "title": "Mastersetup->Map Visit Counter",
    "description": "To verify the user able to create Map Visit Counter.",
    "steps": "",
    "expectedResults": "User should able to create Map Visit Counter.",
    "automationManual": "",
    "priority": "",
    "createdBy": "",
    "createdDate": "",
    "lastModifiedDate": "",
    "risk": "",
    "version": "",
    "type": ""
  },
  {
    "module": "Admission",
    "id": "TC_031",
    "preRequisites": "",
    "title": "Bed Setup - Building Master - Save",
    "description": "Verify User is able to add Building Details",
    "steps": "",
    "expectedResults": "User should be able to add Building Details",
    "automationManual": "",
    "priority": "",
    "createdBy": "",
    "createdDate": "",
    "lastModifiedDate": "",
    "risk": "",
    "version": "",
    "type": ""
  },
  {
    "module": "Admission",
    "id": "TC_032",
    "preRequisites": "",
    "title": "Bed Setup - Building Master - View",
    "description": "Verify User is able to View Building Details",
    "steps": "",
    "expectedResults": "User should be able to view Building Details",
    "automationManual": "",
    "priority": "",
    "createdBy": "",
    "createdDate": "",
    "lastModifiedDate": "",
    "risk": "",
    "version": "",
    "type": ""
  },
  {
    "module": "Admission",
    "id": "TC_033",
    "preRequisites": "",
    "title": "Bed Setup - Location Master - Save",
    "description": "Verify User is able to add Location Details",
    "steps": "",
    "expectedResults": "User should be able to Save new Location Details",
    "automationManual": "",
    "priority": "",
    "createdBy": "",
    "createdDate": "",
    "lastModifiedDate": "",
    "risk": "",
    "version": "",
    "type": ""
  },
  {
    "module": "Admission",
    "id": "TC_034",
    "preRequisites": "",
    "title": "Bed Setup - Location Master - View",
    "description": "Verify User is able to View Location Details",
    "steps": "",
    "expectedResults": "User should be able to View Location Details",
    "automationManual": "",
    "priority": "",
    "createdBy": "",
    "createdDate": "",
    "lastModifiedDate": "",
    "risk": "",
    "version": "",
    "type": ""
  },
  {
    "module": "Admission",
    "id": "TC_035",
    "preRequisites": "",
    "title": "Bed Setup - Block Master - Save",
    "description": "Verify User is able to Save Block Details",
    "steps": "",
    "expectedResults": "User should be able to save new Block Details",
    "automationManual": "",
    "priority": "",
    "createdBy": "",
    "createdDate": "",
    "lastModifiedDate": "",
    "risk": "",
    "version": "",
    "type": ""
  },
  {
    "module": "Admission",
    "id": "TC_036",
    "preRequisites": "",
    "title": "Bed Setup - Block Master - View",
    "description": "Verify User is able to View Block Details",
    "steps": "",
    "expectedResults": "User should be able to View Block Details",
    "automationManual": "",
    "priority": "",
    "createdBy": "",
    "createdDate": "",
    "lastModifiedDate": "",
    "risk": "",
    "version": "",
    "type": ""
  },
  {
    "module": "Admission",
    "id": "TC_037",
    "preRequisites": "",
    "title": "Bed Setup - Floor Master - Save",
    "description": "Verify User is able to Save Floor Details",
    "steps": "",
    "expectedResults": "User should be able to add new Floor Details",
    "automationManual": "",
    "priority": "",
    "createdBy": "",
    "createdDate": "",
    "lastModifiedDate": "",
    "risk": "",
    "version": "",
    "type": ""
  },
  {
    "module": "Admission",
    "id": "TC_038",
    "preRequisites": "",
    "title": "Bed Setup - Floor Master - View",
    "description": "Verify User is able to View Floor Details",
    "steps": "",
    "expectedResults": "User should be able to view Floor Details",
    "automationManual": "",
    "priority": "",
    "createdBy": "",
    "createdDate": "",
    "lastModifiedDate": "",
    "risk": "",
    "version": "",
    "type": ""
  },
  {
    "module": "Admission",
    "id": "TC_039",
    "preRequisites": "",
    "title": "Bed Setup - Ward Master - Save",
    "description": "Verify User is able to Save Ward Details",
    "steps": "",
    "expectedResults": "User should be able to save new Ward Details",
    "automationManual": "",
    "priority": "",
    "createdBy": "",
    "createdDate": "",
    "lastModifiedDate": "",
    "risk": "",
    "version": "",
    "type": ""
  },
  {
    "module": "Admission",
    "id": "TC_040",
    "preRequisites": "",
    "title": "Bed Setup - Ward Master - View",
    "description": "Verify User is able to View Ward Details",
    "steps": "",
    "expectedResults": "User should be able to view Ward Details",
    "automationManual": "",
    "priority": "",
    "createdBy": "",
    "createdDate": "",
    "lastModifiedDate": "",
    "risk": "",
    "version": "",
    "type": ""
  },
  {
    "module": "BB(Blood Bank)",
    "id": "TC_041",
    "preRequisites": "",
    "title": "Master - > Blood Type - > Save",
    "description": " Verify user is able to Save The Blood Type Details",
    "steps": "",
    "expectedResults": "User Should Able To Save The Blood Type Details",
    "automationManual": "",
    "priority": "",
    "createdBy": "",
    "createdDate": "",
    "lastModifiedDate": "",
    "risk": "",
    "version": "",
    "type": ""
  },
  {
    "module": "BB(Blood Bank)",
    "id": "TC_042",
    "preRequisites": "",
    "title": "Master - > Blood Type - > View",
    "description": "Verify user is able to  View   The Blood Type Details",
    "steps": "",
    "expectedResults": "User Should Able To View The Blood Type Details",
    "automationManual": "",
    "priority": "",
    "createdBy": "",
    "createdDate": "",
    "lastModifiedDate": "",
    "risk": "",
    "version": "",
    "type": ""
  },
  {
    "module": "BB(Blood Bank)",
    "id": "TC_043",
    "preRequisites": "",
    "title": "Master - > Blood Type - > Update",
    "description": "Verify user is able to  Update  The Blood Type Details",
    "steps": "",
    "expectedResults": "Blood Type Update Successfully Message Should Be Displayed",
    "automationManual": "",
    "priority": "",
    "createdBy": "",
    "createdDate": "",
    "lastModifiedDate": "",
    "risk": "",
    "version": "",
    "type": ""
  },
  {
    "module": "BB(Blood Bank)",
    "id": "TC_044",
    "preRequisites": "",
    "title": "Master - > Blood Type - > Delete",
    "description": " Verify user is able to Delete  The Blood Type Details",
    "steps": "",
    "expectedResults": "Record   Successfully  Deleted Message Should Be Displayed",
    "automationManual": "",
    "priority": "",
    "createdBy": "",
    "createdDate": "",
    "lastModifiedDate": "",
    "risk": "",
    "version": "",
    "type": ""
  },
  {
    "module": "BB(Blood Bank)",
    "id": "TC_045",
    "preRequisites": "",
    "title": "Master - > Bag Type - > Save",
    "description": " Verify user is able to Save The Bag Type Details",
    "steps": "",
    "expectedResults": "User Should Able To Save The Blood Bag Details",
    "automationManual": "",
    "priority": "",
    "createdBy": "",
    "createdDate": "",
    "lastModifiedDate": "",
    "risk": "",
    "version": "",
    "type": ""
  },
  {
    "module": "BB(Blood Bank)",
    "id": "TC_046",
    "preRequisites": "",
    "title": "Master - > Bag Type - > View",
    "description": " Verify user is able to  View The Bag Type Details",
    "steps": "",
    "expectedResults": "User Should Able To Save The Blood Bag Details",
    "automationManual": "",
    "priority": "",
    "createdBy": "",
    "createdDate": "",
    "lastModifiedDate": "",
    "risk": "",
    "version": "",
    "type": ""
  },
  {
    "module": "BB(Blood Bank)",
    "id": "TC_047",
    "preRequisites": "",
    "title": "Master - > Bag Type - > Update",
    "description": "Verify user is able to  Update The Bag Type Details",
    "steps": "",
    "expectedResults": "  Blood Bag Details Updated Successfully Message Should Be Displayed",
    "automationManual": "",
    "priority": "",
    "createdBy": "",
    "createdDate": "",
    "lastModifiedDate": "",
    "risk": "",
    "version": "",
    "type": ""
  },
  {
    "module": "BB(Blood Bank)",
    "id": "TC_048",
    "preRequisites": "",
    "title": "Master - >  Donar Eligibility - > Level 1 - > Save",
    "description": "Verify user is able to  Save Donar Eligibility For Level 1",
    "steps": "",
    "expectedResults": "User Should Able To Save Donar Eligibility For Level 1",
    "automationManual": "",
    "priority": "",
    "createdBy": "",
    "createdDate": "",
    "lastModifiedDate": "",
    "risk": "",
    "version": "",
    "type": ""
  },
  {
    "module": "BB(Blood Bank)",
    "id": "TC_049",
    "preRequisites": "",
    "title": "Master - >  Donar Eligibility - > Level 1 - > View",
    "description": "Verify user is able to  View  Donar Eligibility For Level 1",
    "steps": "",
    "expectedResults": "User Should Able To View Donar Eligibility For Level 1",
    "automationManual": "",
    "priority": "",
    "createdBy": "",
    "createdDate": "",
    "lastModifiedDate": "",
    "risk": "",
    "version": "",
    "type": ""
  },
  {
    "module": "BB(Blood Bank)",
    "id": "TC_050",
    "preRequisites": "",
    "title": "Master - >  Donar Eligibility - > Level 1 - > Update",
    "description": "Verify user is able to Update  Donar Eligibility For Level 1",
    "steps": "",
    "expectedResults": " Parameter Updated Successfully Message Should Be Displayed",
    "automationManual": "",
    "priority": "",
    "createdBy": "",
    "createdDate": "",
    "lastModifiedDate": "",
    "risk": "",
    "version": "",
    "type": ""
  },
  {
    "module": "Doctors-Wards",
    "id": "TC_051",
    "preRequisites": "",
    "title": "Admission Note - Submit",
    "description": "Verify User Able to Submit Admission Note",
    "steps": "",
    "expectedResults": "Admission Number Raised successfully Message should be displayed",
    "automationManual": "",
    "priority": "",
    "createdBy": "",
    "createdDate": "",
    "lastModifiedDate": "",
    "risk": "",
    "version": "",
    "type": ""
  },
  {
    "module": "Doctors-Wards",
    "id": "TC_052",
    "preRequisites": "",
    "title": "Admission Note - Update",
    "description": "Verify User Able to update Admission Note",
    "steps": "",
    "expectedResults": "Admission Note Updated successfully Message should be displayed",
    "automationManual": "",
    "priority": "",
    "createdBy": "",
    "createdDate": "",
    "lastModifiedDate": "",
    "risk": "",
    "version": "",
    "type": ""
  },
  {
    "module": "Doctors-Wards",
    "id": "TC_053",
    "preRequisites": "",
    "title": "Admission Note - Print",
    "description": "Verify User Able to Print Admission Note",
    "steps": "",
    "expectedResults": "The Page should navigate to Print screen",
    "automationManual": "",
    "priority": "",
    "createdBy": "",
    "createdDate": "",
    "lastModifiedDate": "",
    "risk": "",
    "version": "",
    "type": ""
  },
  {
    "module": "Doctors-Wards",
    "id": "TC_054",
    "preRequisites": "",
    "title": "Admission Note - Delete",
    "description": "Verify User Able to Delete Admission Note",
    "steps": "",
    "expectedResults": "Record Cancelled successfully Message should be displayed",
    "automationManual": "",
    "priority": "",
    "createdBy": "",
    "createdDate": "",
    "lastModifiedDate": "",
    "risk": "",
    "version": "",
    "type": ""
  },
  {
    "module": "Doctors-Wards",
    "id": "TC_055",
    "preRequisites": "",
    "title": "Admission Note - Allergy - Add Allergy",
    "description": "Verify User Able to Add Allergy",
    "steps": "",
    "expectedResults": "Allergy should be added successfully",
    "automationManual": "",
    "priority": "",
    "createdBy": "",
    "createdDate": "",
    "lastModifiedDate": "",
    "risk": "",
    "version": "",
    "type": ""
  },
  {
    "module": "Doctors-Wards",
    "id": "TC_056",
    "preRequisites": "",
    "title": "Admission Note - Allergy - No Known Allergy",
    "description": "Verify User Able to No Known Allergy",
    "steps": "",
    "expectedResults": "No Known Allergy Saved Message should be displayed",
    "automationManual": "",
    "priority": "",
    "createdBy": "",
    "createdDate": "",
    "lastModifiedDate": "",
    "risk": "",
    "version": "",
    "type": ""
  },
  {
    "module": "Doctors-Wards",
    "id": "TC_057",
    "preRequisites": "",
    "title": "Admission Note - Findings",
    "description": "Verify User Able to Add Findings",
    "steps": "",
    "expectedResults": "The findings details should be displayed in Preview section",
    "automationManual": "",
    "priority": "",
    "createdBy": "",
    "createdDate": "",
    "lastModifiedDate": "",
    "risk": "",
    "version": "",
    "type": ""
  },
  {
    "module": "Doctors-Wards",
    "id": "TC_058",
    "preRequisites": "",
    "title": "Admission Note - Diagnosis -Pp - Primary provisional",
    "description": "Verify User Able to Add Diagnosis -Pp - Primary provisional",
    "steps": "",
    "expectedResults": "The Diagnosis details should be added successfully",
    "automationManual": "",
    "priority": "",
    "createdBy": "",
    "createdDate": "",
    "lastModifiedDate": "",
    "risk": "",
    "version": "",
    "type": ""
  },
  {
    "module": "Doctors-Wards",
    "id": "TC_059",
    "preRequisites": "",
    "title": "Admission Note - Diagnosis -Pd - Primary definitive",
    "description": "Verify User Able to Add Diagnosis Pd - Primary definitive",
    "steps": "",
    "expectedResults": "The Diagnosis details should be added successfully",
    "automationManual": "",
    "priority": "",
    "createdBy": "",
    "createdDate": "",
    "lastModifiedDate": "",
    "risk": "",
    "version": "",
    "type": ""
  },
  {
    "module": "Doctors-Wards",
    "id": "TC_060",
    "preRequisites": "",
    "title": "Admission Note - Diagnosis -Sec - Secondary",
    "description": "Verify User Able to Add Diagnosis Sec - Secondary",
    "steps": "",
    "expectedResults": "The Diagnosis details should be added successfully",
    "automationManual": "",
    "priority": "",
    "createdBy": "",
    "createdDate": "",
    "lastModifiedDate": "",
    "risk": "",
    "version": "",
    "type": ""
  },
  {
    "module": "Emergency",
    "id": "TC_061",
    "preRequisites": "",
    "title": "Emergency-Masters-Patient Type Master-Save",
    "description": "Verify user is able to Save Patient Type Master",
    "steps": "",
    "expectedResults": "Patient Type Saved Message Should be Displayed",
    "automationManual": "",
    "priority": "",
    "createdBy": "",
    "createdDate": "",
    "lastModifiedDate": "",
    "risk": "",
    "version": "",
    "type": ""
  },
  {
    "module": "Emergency",
    "id": "TC_062",
    "preRequisites": "",
    "title": "Emergency-Masters-Patient Type Master-Update",
    "description": "Verify user is able to Update Patient Type Master",
    "steps": "",
    "expectedResults": "Patient Type Saved Message Should be Displayed",
    "automationManual": "",
    "priority": "",
    "createdBy": "",
    "createdDate": "",
    "lastModifiedDate": "",
    "risk": "",
    "version": "",
    "type": ""
  },
  {
    "module": "Emergency",
    "id": "TC_063",
    "preRequisites": "",
    "title": "Emergency-Masters-Patient Type Master-Delete",
    "description": "Verify user is able to Delete Patient Type Master",
    "steps": "",
    "expectedResults": "Patient Type Deleted Message Should be Displayed",
    "automationManual": "",
    "priority": "",
    "createdBy": "",
    "createdDate": "",
    "lastModifiedDate": "",
    "risk": "",
    "version": "",
    "type": ""
  },
  {
    "module": "Emergency",
    "id": "TC_064",
    "preRequisites": "",
    "title": "Emergency-Masters-Conditions Master-Add Conditions-Save",
    "description": "Verify user is able to Save Add Conditions in Conditions Master",
    "steps": "",
    "expectedResults": "Triage Condition Saved Message Should be Displayed",
    "automationManual": "",
    "priority": "",
    "createdBy": "",
    "createdDate": "",
    "lastModifiedDate": "",
    "risk": "",
    "version": "",
    "type": ""
  },
  {
    "module": "Emergency",
    "id": "TC_065",
    "preRequisites": "",
    "title": "Emergency-Masters-Conditions Master-Add Conditions-Update",
    "description": "Verify user is able to Update Add Conditions in Conditions Master",
    "steps": "",
    "expectedResults": "Triage Condition Saved Message Should be Displayed",
    "automationManual": "",
    "priority": "",
    "createdBy": "",
    "createdDate": "",
    "lastModifiedDate": "",
    "risk": "",
    "version": "",
    "type": ""
  },
  {
    "module": "Emergency",
    "id": "TC_066",
    "preRequisites": "",
    "title": "Emergency-Masters-Conditions Master-Add Conditions-Delete",
    "description": "Verify user is able to Delete Add Conditions in Conditions Master",
    "steps": "",
    "expectedResults": "Condition Deleted Message Should be Displayed",
    "automationManual": "",
    "priority": "",
    "createdBy": "",
    "createdDate": "",
    "lastModifiedDate": "",
    "risk": "",
    "version": "",
    "type": ""
  },
  {
    "module": "Emergency",
    "id": "TC_067",
    "preRequisites": "",
    "title": "Emergency-Masters-Conditions Master-Map Requests-Save",
    "description": "Verify user is able to Save Map Requests in Conditions Master",
    "steps": "",
    "expectedResults": "Condition-Priority Mapping Saved Message Should be Displayed",
    "automationManual": "",
    "priority": "",
    "createdBy": "",
    "createdDate": "",
    "lastModifiedDate": "",
    "risk": "",
    "version": "",
    "type": ""
  },
  {
    "module": "Emergency",
    "id": "TC_068",
    "preRequisites": "",
    "title": "Emergency-Masters-Conditions Master-Map Requests-Update",
    "description": "Verify user is able to Update Map Requests in Conditions Master",
    "steps": "",
    "expectedResults": "Condition-Priority Mapping Saved Message Should be Displayed",
    "automationManual": "",
    "priority": "",
    "createdBy": "",
    "createdDate": "",
    "lastModifiedDate": "",
    "risk": "",
    "version": "",
    "type": ""
  },
  {
    "module": "Emergency",
    "id": "TC_069",
    "preRequisites": "",
    "title": "Emergency-Masters-Conditions Master-Map Requests-Delete",
    "description": "Verify user is able to Delete Map Requests in Conditions Master",
    "steps": "",
    "expectedResults": "Condition-Mapping Deleted Message Should be Displayed",
    "automationManual": "",
    "priority": "",
    "createdBy": "",
    "createdDate": "",
    "lastModifiedDate": "",
    "risk": "",
    "version": "",
    "type": ""
  },
  {
    "module": "Emergency",
    "id": "TC_070",
    "preRequisites": "",
    "title": "Emergency-Masters-Parameter Master-Vital Groups-Save",
    "description": "Verify user is able to Save Vital Groups in Parameter Master",
    "steps": "",
    "expectedResults": "Vital Group Saved Message Should be Displayed",
    "automationManual": "",
    "priority": "",
    "createdBy": "",
    "createdDate": "",
    "lastModifiedDate": "",
    "risk": "",
    "version": "",
    "type": ""
  },
  {
    "module": "ES(Appointment)",
    "id": "TC_071",
    "preRequisites": "",
    "title": "Master Set up->Shift Master",
    "description": "To verify the user able to Add the Shift(Time Slot)  ",
    "steps": "",
    "expectedResults": "User should able to see Shift Added Pop Up and Shift should Add.",
    "automationManual": "",
    "priority": "",
    "createdBy": "",
    "createdDate": "",
    "lastModifiedDate": "",
    "risk": "",
    "version": "",
    "type": ""
  },
  {
    "module": "ES(Appointment)",
    "id": "TC_072",
    "preRequisites": "",
    "title": "Master Set up->Rule",
    "description": "To verify the user able to Add Rule.  ",
    "steps": "",
    "expectedResults": "User should able to see Rule Added Pop Up and Rule should Add.",
    "automationManual": "",
    "priority": "",
    "createdBy": "",
    "createdDate": "",
    "lastModifiedDate": "",
    "risk": "",
    "version": "",
    "type": ""
  },
  {
    "module": "ES(Appointment)",
    "id": "TC_073",
    "preRequisites": "",
    "title": "Master Set up ->Color - Map color to Status",
    "description": "To verify the user able to Assign the Color.",
    "steps": "",
    "expectedResults": "User should able to see Record Added Pop Up and Record should Add.",
    "automationManual": "",
    "priority": "",
    "createdBy": "",
    "createdDate": "",
    "lastModifiedDate": "",
    "risk": "",
    "version": "",
    "type": ""
  },
  {
    "module": "ES(Appointment)",
    "id": "TC_074",
    "preRequisites": "",
    "title": "Master Set up ->Color - Map color to Location",
    "description": "To verify the user able to Assign the Color to Location.",
    "steps": "",
    "expectedResults": "User should able to see Color location is Mapped Pop Up and Color should Map.",
    "automationManual": "",
    "priority": "",
    "createdBy": "",
    "createdDate": "",
    "lastModifiedDate": "",
    "risk": "",
    "version": "",
    "type": ""
  },
  {
    "module": "ES(Appointment)",
    "id": "TC_075",
    "preRequisites": "",
    "title": "Master Set up->Team Master",
    "description": "To verify the user able to Create a Team for Surgery",
    "steps": "",
    "expectedResults": "Team should able to Manage the Service.",
    "automationManual": "",
    "priority": "",
    "createdBy": "",
    "createdDate": "",
    "lastModifiedDate": "",
    "risk": "",
    "version": "",
    "type": ""
  },
  {
    "module": "ES(Appointment)",
    "id": "TC_076",
    "preRequisites": "",
    "title": "Calendar Set up->Resource Specific Calendar Setup",
    "description": "To verify the user able to create a Calendar for Human/Equipment/Facilities.",
    "steps": "",
    "expectedResults": "User should able to see the Records fields in the Panel.",
    "automationManual": "",
    "priority": "",
    "createdBy": "",
    "createdDate": "",
    "lastModifiedDate": "",
    "risk": "",
    "version": "",
    "type": ""
  },
  {
    "module": "ES(Appointment)",
    "id": "TC_077",
    "preRequisites": "",
    "title": "Calendar Setup->Template",
    "description": "To verify the user able to Create Template to Calendar.",
    "steps": "",
    "expectedResults": "Template should be created for the Calendar.",
    "automationManual": "",
    "priority": "",
    "createdBy": "",
    "createdDate": "",
    "lastModifiedDate": "",
    "risk": "",
    "version": "",
    "type": ""
  },
  {
    "module": "ES(Appointment)",
    "id": "TC_078",
    "preRequisites": "",
    "title": "Appointments->Appointment Booking",
    "description": "Verify Appointment booking for equipment/Facilities/Doctors",
    "steps": "",
    "expectedResults": "Appointment should successfully book and should generate Appointment Number",
    "automationManual": "",
    "priority": "",
    "createdBy": "",
    "createdDate": "",
    "lastModifiedDate": "",
    "risk": "",
    "version": "",
    "type": ""
  },
  {
    "module": "ES(Appointment)",
    "id": "TC_079",
    "preRequisites": "",
    "title": "Appointments->Reschedule Appointment",
    "description": "Verify rescheduling Appointments",
    "steps": "",
    "expectedResults": "Appointment should get rescheduled",
    "automationManual": "",
    "priority": "",
    "createdBy": "",
    "createdDate": "",
    "lastModifiedDate": "",
    "risk": "",
    "version": "",
    "type": ""
  },
  {
    "module": "ES(Appointment)",
    "id": "TC_080",
    "preRequisites": "",
    "title": "Appointments->Cancellation of Appointment",
    "description": "Verify Cancellation of Appointment",
    "steps": "",
    "expectedResults": "Appointment should get Cancelled",
    "automationManual": "",
    "priority": "",
    "createdBy": "",
    "createdDate": "",
    "lastModifiedDate": "",
    "risk": "",
    "version": "",
    "type": ""
  },
  {
    "module": "IP Billing",
    "id": "TC_081",
    "preRequisites": "",
    "title": "Masters ->Service Definition's ->  Service Category - Save",
    "description": "Verify user is able to save a service category definition",
    "steps": "",
    "expectedResults": "User should be able to add a service category definition",
    "automationManual": "",
    "priority": "",
    "createdBy": "",
    "createdDate": "",
    "lastModifiedDate": "",
    "risk": "",
    "version": "",
    "type": ""
  },
  {
    "module": "IP Billing",
    "id": "TC_082",
    "preRequisites": "",
    "title": "Masters ->Service Definitions ->  Service Category - View",
    "description": "Verify user is able to view a service category definition",
    "steps": "",
    "expectedResults": "User should be able to view a service category definition",
    "automationManual": "",
    "priority": "",
    "createdBy": "",
    "createdDate": "",
    "lastModifiedDate": "",
    "risk": "",
    "version": "",
    "type": ""
  },
  {
    "module": "IP Billing",
    "id": "TC_083",
    "preRequisites": "",
    "title": "Masters ->Service Definitions ->  Service Category - Update",
    "description": "Verify user is able to delete a service category definition",
    "steps": "",
    "expectedResults": "User should be able to update a service category definition",
    "automationManual": "",
    "priority": "",
    "createdBy": "",
    "createdDate": "",
    "lastModifiedDate": "",
    "risk": "",
    "version": "",
    "type": ""
  },
  {
    "module": "IP Billing",
    "id": "TC_084",
    "preRequisites": "",
    "title": "Masters ->Service Definitions -> Service Type -> save",
    "description": "Verify user is able to add service type ",
    "steps": "",
    "expectedResults": "User should be able to add new service type",
    "automationManual": "",
    "priority": "",
    "createdBy": "",
    "createdDate": "",
    "lastModifiedDate": "",
    "risk": "",
    "version": "",
    "type": ""
  },
  {
    "module": "IP Billing",
    "id": "TC_085",
    "preRequisites": "",
    "title": "Masters ->Service Definitions -> Service Type ->view",
    "description": "Verify user is able to view service type ",
    "steps": "",
    "expectedResults": "User should be able to view service type records",
    "automationManual": "",
    "priority": "",
    "createdBy": "",
    "createdDate": "",
    "lastModifiedDate": "",
    "risk": "",
    "version": "",
    "type": ""
  },
  {
    "module": "IP Billing",
    "id": "TC_086",
    "preRequisites": "",
    "title": "Masters ->Service Definitions -> Service Type -> update",
    "description": "Verify user is able to update service type ",
    "steps": "",
    "expectedResults": "User should be able to modify changes to the service type record data",
    "automationManual": "",
    "priority": "",
    "createdBy": "",
    "createdDate": "",
    "lastModifiedDate": "",
    "risk": "",
    "version": "",
    "type": ""
  },
  {
    "module": "IP Billing",
    "id": "TC_087",
    "preRequisites": "",
    "title": "Masters ->Service Definitions ->Global Service Item Definition -> New Global Service Item",
    "description": "Verify user is able to add new global service item",
    "steps": "",
    "expectedResults": "User should be able to add new global service item",
    "automationManual": "",
    "priority": "",
    "createdBy": "",
    "createdDate": "",
    "lastModifiedDate": "",
    "risk": "",
    "version": "",
    "type": ""
  },
  {
    "module": "IP Billing",
    "id": "TC_088",
    "preRequisites": "",
    "title": "Masters ->Service Definitions ->Global Service Item Definition -> Update Global Service Item",
    "description": "Verify user able to update global service item",
    "steps": "",
    "expectedResults": "User should be able to update global service item.",
    "automationManual": "",
    "priority": "",
    "createdBy": "",
    "createdDate": "",
    "lastModifiedDate": "",
    "risk": "",
    "version": "",
    "type": ""
  },
  {
    "module": "IP Billing",
    "id": "TC_089",
    "preRequisites": "",
    "title": "Masters ->Service Definitions ->Clone Service Item-> Clone All Service Items to Location\t",
    "description": "Verify user able to clone service item from data center",
    "steps": "",
    "expectedResults": "User should be able to clone all service items from data center to all locations.",
    "automationManual": "",
    "priority": "",
    "createdBy": "",
    "createdDate": "",
    "lastModifiedDate": "",
    "risk": "",
    "version": "",
    "type": ""
  },
  {
    "module": "IP Billing",
    "id": "TC_090",
    "preRequisites": "",
    "title": "Masters ->Service Definitions ->Clone Service Item->Clone Individual Items",
    "description": "Verify user able to clone service item from data center",
    "steps": "",
    "expectedResults": "User should be able to clone all service items from data center to all locations.",
    "automationManual": "",
    "priority": "",
    "createdBy": "",
    "createdDate": "",
    "lastModifiedDate": "",
    "risk": "",
    "version": "",
    "type": ""
  },
  {
    "module": "OP Billing",
    "id": "TC_091",
    "preRequisites": "",
    "title": "Dashboards - OP Dashboard - Generate Bill",
    "description": "Verify user able to finish Billing for OP number ",
    "steps": "",
    "expectedResults": "User should be able to finish generate bill process",
    "automationManual": "",
    "priority": "",
    "createdBy": "",
    "createdDate": "",
    "lastModifiedDate": "",
    "risk": "",
    "version": "",
    "type": ""
  },
  {
    "module": "OP Billing",
    "id": "TC_092",
    "preRequisites": "",
    "title": "Dashboards - OP Dashboard - Change Bill Type",
    "description": "Verify user able to change billing type",
    "steps": "",
    "expectedResults": "User should be able to change billing type  ",
    "automationManual": "",
    "priority": "",
    "createdBy": "",
    "createdDate": "",
    "lastModifiedDate": "",
    "risk": "",
    "version": "",
    "type": ""
  },
  {
    "module": "OP Billing",
    "id": "TC_093",
    "preRequisites": "",
    "title": "Dashboards - OP Dashboard - Generate OPP number",
    "description": "Verify user able to change billing type",
    "steps": "",
    "expectedResults": "User should be able to change billing type with Success OPP Number generated Message alert displayed.",
    "automationManual": "",
    "priority": "",
    "createdBy": "",
    "createdDate": "",
    "lastModifiedDate": "",
    "risk": "",
    "version": "",
    "type": ""
  },
  {
    "module": "OP Billing",
    "id": "TC_094",
    "preRequisites": "",
    "title": "Dashboards - OP Dashboard - Delete",
    "description": "Verify user able to delete OP booking details",
    "steps": "",
    "expectedResults": "user should be able to delete the selected OP booking details.",
    "automationManual": "",
    "priority": "",
    "createdBy": "",
    "createdDate": "",
    "lastModifiedDate": "",
    "risk": "",
    "version": "",
    "type": ""
  },
  {
    "module": "OP Billing",
    "id": "TC_095",
    "preRequisites": "",
    "title": "Dashboards - AHC Dashboard ",
    "description": "Verify user able to finish Billing for ahc number",
    "steps": "",
    "expectedResults": "User should be able to generate bill for AHC Number.",
    "automationManual": "",
    "priority": "",
    "createdBy": "",
    "createdDate": "",
    "lastModifiedDate": "",
    "risk": "",
    "version": "",
    "type": ""
  },
  {
    "module": "OP Billing",
    "id": "TC_096",
    "preRequisites": "",
    "title": "Dashboards - AHC Dashboard - Change Bill Type",
    "description": "Verify user able to change billing type",
    "steps": "",
    "expectedResults": "User should be able to finish generate bill process",
    "automationManual": "",
    "priority": "",
    "createdBy": "",
    "createdDate": "",
    "lastModifiedDate": "",
    "risk": "",
    "version": "",
    "type": ""
  },
  {
    "module": "OP Billing",
    "id": "TC_097",
    "preRequisites": "",
    "title": "Dashboards - AHC Dashboard - Delete",
    "description": "Verify user able to delete AHC booking details",
    "steps": "",
    "expectedResults": "User should be able to delete the AHC booking details",
    "automationManual": "",
    "priority": "",
    "createdBy": "",
    "createdDate": "",
    "lastModifiedDate": "",
    "risk": "",
    "version": "",
    "type": ""
  },
  {
    "module": "OP Billing",
    "id": "TC_098",
    "preRequisites": "",
    "title": "Dashboards - Approval Dashboard - My Pending Approvals",
    "description": "Verify user able to view pending approval list",
    "steps": "",
    "expectedResults": "User should be able to view pending approval list.  ",
    "automationManual": "",
    "priority": "",
    "createdBy": "",
    "createdDate": "",
    "lastModifiedDate": "",
    "risk": "",
    "version": "",
    "type": ""
  },
  {
    "module": "OP Billing",
    "id": "TC_099",
    "preRequisites": "",
    "title": "Dashboards - Approval Dashboard - My Notifications",
    "description": "Verify user able to view notification list",
    "steps": "",
    "expectedResults": "User should be able to view notification Details",
    "automationManual": "",
    "priority": "",
    "createdBy": "",
    "createdDate": "",
    "lastModifiedDate": "",
    "risk": "",
    "version": "",
    "type": ""
  },
  {
    "module": "OP Billing",
    "id": "TC_100",
    "preRequisites": "",
    "title": "Dashboards - Approval Dashboard - My Approval Request",
    "description": "Verify user able to view my Approval Request",
    "steps": "",
    "expectedResults": "User should be able to validate the status from the  list provided.",
    "automationManual": "",
    "priority": "",
    "createdBy": "",
    "createdDate": "",
    "lastModifiedDate": "",
    "risk": "",
    "version": "",
    "type": ""
  }
]