{
  "info": {
    "name": "DeepEval - Evaluate Resumes (QA Bot)",
    "_postman_id": "deepeval-evaluate-resumes",
    "description": "Collection to test end-to-end evaluation: /search/resumes -> RAG -> /eval via single endpoint /evaluate/resumes",
    "schema": "https://schema.getpostman.com/json/collection/v2.1.0/collection.json"
  },
  "item": [
    {
      "name": "Health",
      "request": {
        "method": "GET",
        "header": [],
        "url": {
          "raw": "{{baseUrl}}/health",
          "host": [
            "{{baseUrl}}"
          ],
          "path": [
            "health"
          ]
        }
      }
    },
    {
      "name": "Search Resumes (sample)",
      "request": {
        "method": "POST",
        "header": [
          {
            "key": "Content-Type",
            "value": "application/json"
          }
        ],
        "body": {
          "mode": "raw",
          "raw": "{\n  \"query\": \"senior typescript developer\",\n  \"searchType\": \"hybrid\",\n  \"topK\": 5\n}",
          "options": {
            "raw": {
              "language": "json"
            }
          }
        },
        "url": {
          "raw": "{{baseUrl}}/search/resumes",
          "host": [
            "{{baseUrl}}"
          ],
          "path": [
            "search",
            "resumes"
          ]
        }
      }
    },
    {
      "name": "Evaluate Resumes (E2E)",
      "request": {
        "method": "POST",
        "header": [
          {
            "key": "Content-Type",
            "value": "application/json"
          }
        ],
        "body": {
          "mode": "raw",
          "raw": "{\n  \"query\": \"senior typescript developer\",\n  \"topK\": 5,\n  \"metric\": \"answer_relevancy\",\n  \"expected_output\": \"Candidate experience: 5+ years TypeScript, React\"\n}",
          "options": {
            "raw": {
              "language": "json"
            }
          }
        },
        "url": {
          "raw": "{{baseUrl}}/evaluate/resumes",
          "host": [
            "{{baseUrl}}"
          ],
          "path": [
            "evaluate",
            "resumes"
          ]
        }
      },
      "response": []
    },
    {
      "name": "Direct Eval (DeepEval) - sample",
      "request": {
        "method": "POST",
        "header": [
          {
            "key": "Content-Type",
            "value": "application/json"
          }
        ],
        "body": {
          "mode": "raw",
          "raw": "{\n  \"query\": \"What is the candidate's role?\",\n  \"context\": [\n    \"John Doe - Senior TypeScript Developer with 5+ years of React experience\",\n    \"Skills: Node.js, Express, MongoDB, AWS\"\n  ],\n  \"output\": \"The candidate is a Senior TypeScript Developer with 5+ years of React experience.\",\n  \"expected_output\": \"Senior TypeScript Developer\",\n  \"metric\": \"answer_relevancy\"\n}",
          "options": {
            "raw": {
              "language": "json"
            }
          }
        },
        "url": {
          "raw": "{{deepevalBase}}/eval",
          "host": [
            "{{deepevalBase}}"
          ],
          "path": [
            "eval"
          ]
        }
      },
      "response": []
    },
    {
      "name": "Evaluate Resumes - Faithfulness",
      "request": {
        "method": "POST",
        "header": [
          {
            "key": "Content-Type",
            "value": "application/json"
          }
        ],
        "body": {
          "mode": "raw",
          "raw": "{\n  \"query\": \"senior developer\",\n  \"topK\": 3,\n  \"metric\": \"faithfulness\"\n}",
          "options": {
            "raw": {
              "language": "json"
            }
          }
        },
        "url": {
          "raw": "{{baseUrl}}/evaluate/resumes",
          "host": [
            "{{baseUrl}}"
          ],
          "path": [
            "evaluate",
            "resumes"
          ]
        }
      },
      "response": []
    },
    {
      "name": "Evaluate Resumes - Contextual Precision",
      "request": {
        "method": "POST",
        "header": [
          {
            "key": "Content-Type",
            "value": "application/json"
          }
        ],
        "body": {
          "mode": "raw",
          "raw": "{\n  \"query\": \"frontend developer javascript react\",\n  \"topK\": 5,\n  \"metric\": \"contextual_precision\",\n  \"expected_output\": \"React developer with JavaScript experience\"\n}",
          "options": {
            "raw": {
              "language": "json"
            }
          }
        },
        "url": {
          "raw": "{{baseUrl}}/evaluate/resumes",
          "host": [
            "{{baseUrl}}"
          ],
          "path": [
            "evaluate",
            "resumes"
          ]
        }
      },
      "response": []
    }
  ],
  "event": [
    {
      "listen": "prerequest",
      "script": {
        "type": "text/javascript",
        "exec": [
          "// Ensure baseUrl defaults to http://localhost:8787 if not set\n",
          "if (!pm.environment.get('baseUrl')) { pm.environment.set('baseUrl', 'http://localhost:8787'); }",
          "if (!pm.environment.get('deepevalBase')) { pm.environment.set('deepevalBase', 'http://localhost:8000'); }"
        ]
      }
    }
  ]
}
